target,bin_index,bin_left,bin_right,bin_center,count,p95_threshold
CO2_0p015bar_298K_mmolg,1,0.0,0.1153244654337565,0.05766223271687825,177128,0.5755964219570157
CO2_0p015bar_298K_mmolg,2,0.1153244654337565,0.230648930867513,0.17298669815063475,56702,0.5755964219570157
CO2_0p015bar_298K_mmolg,3,0.230648930867513,0.3459733963012695,0.28831116358439124,17242,0.5755964219570157
CO2_0p015bar_298K_mmolg,4,0.3459733963012695,0.461297861735026,0.40363562901814776,8846,0.5755964219570157
CO2_0p015bar_298K_mmolg,5,0.461297861735026,0.5766223271687825,0.5189600944519043,5179,0.5755964219570157
CO2_0p015bar_298K_mmolg,6,0.5766223271687825,0.691946792602539,0.6342845598856608,3359,0.5755964219570157
CO2_0p015bar_298K_mmolg,7,0.691946792602539,0.8072712580362955,0.7496090253194172,2222,0.5755964219570157
CO2_0p015bar_298K_mmolg,8,0.8072712580362955,0.922595723470052,0.8649334907531738,1742,0.5755964219570157
CO2_0p015bar_298K_mmolg,9,0.922595723470052,1.0379201889038085,0.9802579561869302,1283,0.5755964219570157
CO2_0p015bar_298K_mmolg,10,1.0379201889038085,1.153244654337565,1.0955824216206866,946,0.5755964219570157
CO2_0p015bar_298K_mmolg,11,1.153244654337565,1.2685691197713216,1.2109068870544433,784,0.5755964219570157
CO2_0p015bar_298K_mmolg,12,1.2685691197713216,1.383893585205078,1.3262313524882,598,0.5755964219570157
CO2_0p015bar_298K_mmolg,13,1.383893585205078,1.4992180506388346,1.4415558179219563,460,0.5755964219570157
CO2_0p015bar_298K_mmolg,14,1.4992180506388346,1.614542516072591,1.5568802833557127,339,0.5755964219570157
CO2_0p015bar_298K_mmolg,15,1.614542516072591,1.7298669815063477,1.6722047487894693,339,0.5755964219570157
CO2_0p015bar_298K_mmolg,16,1.7298669815063477,1.845191446940104,1.787529214223226,272,0.5755964219570157
CO2_0p015bar_298K_mmolg,17,1.845191446940104,1.9605159123738605,1.9028536796569822,228,0.5755964219570157
CO2_0p015bar_298K_mmolg,18,1.9605159123738605,2.075840377807617,2.018178145090739,178,0.5755964219570157
CO2_0p015bar_298K_mmolg,19,2.075840377807617,2.1911648432413737,2.1335026105244954,156,0.5755964219570157
CO2_0p015bar_298K_mmolg,20,2.1911648432413737,2.30648930867513,2.2488270759582516,121,0.5755964219570157
CO2_0p015bar_298K_mmolg,21,2.30648930867513,2.4218137741088865,2.3641515413920082,118,0.5755964219570157
CO2_0p015bar_298K_mmolg,22,2.4218137741088865,2.537138239542643,2.479476006825765,101,0.5755964219570157
CO2_0p015bar_298K_mmolg,23,2.537138239542643,2.6524627049764,2.5948004722595215,89,0.5755964219570157
CO2_0p015bar_298K_mmolg,24,2.6524627049764,2.767787170410156,2.710124937693278,71,0.5755964219570157
CO2_0p015bar_298K_mmolg,25,2.767787170410156,2.8831116358439126,2.8254494031270343,63,0.5755964219570157
CO2_0p015bar_298K_mmolg,26,2.8831116358439126,2.9984361012776692,2.940773868560791,53,0.5755964219570157
CO2_0p015bar_298K_mmolg,27,2.9984361012776692,3.1137605667114254,3.056098333994547,39,0.5755964219570157
CO2_0p015bar_298K_mmolg,28,3.1137605667114254,3.229085032145182,3.1714227994283037,48,0.5755964219570157
CO2_0p015bar_298K_mmolg,29,3.229085032145182,3.3444094975789387,3.2867472648620604,36,0.5755964219570157
CO2_0p015bar_298K_mmolg,30,3.3444094975789387,3.4597339630126953,3.402071730295817,31,0.5755964219570157
CO2_0p015bar_298K_mmolg,31,3.4597339630126953,3.5750584284464515,3.5173961957295736,26,0.5755964219570157
CO2_0p015bar_298K_mmolg,32,3.5750584284464515,3.690382893880208,3.63272066116333,23,0.5755964219570157
CO2_0p015bar_298K_mmolg,33,3.690382893880208,3.8057073593139648,3.7480451265970864,19,0.5755964219570157
CO2_0p015bar_298K_mmolg,34,3.8057073593139648,3.921031824747721,3.8633695920308426,20,0.5755964219570157
CO2_0p015bar_298K_mmolg,35,3.921031824747721,4.036356290181478,3.9786940574645993,14,0.5755964219570157
CO2_0p015bar_298K_mmolg,36,4.036356290181478,4.151680755615234,4.094018522898356,11,0.5755964219570157
CO2_0p015bar_298K_mmolg,37,4.151680755615234,4.267005221048991,4.2093429883321125,15,0.5755964219570157
CO2_0p015bar_298K_mmolg,38,4.267005221048991,4.3823296864827475,4.324667453765869,16,0.5755964219570157
CO2_0p015bar_298K_mmolg,39,4.3823296864827475,4.497654151916504,4.439991919199626,12,0.5755964219570157
CO2_0p015bar_298K_mmolg,40,4.497654151916504,4.61297861735026,4.555316384633382,11,0.5755964219570157
CO2_0p015bar_298K_mmolg,41,4.61297861735026,4.7283030827840165,4.670640850067138,17,0.5755964219570157
CO2_0p015bar_298K_mmolg,42,4.7283030827840165,4.843627548217773,4.785965315500895,10,0.5755964219570157
CO2_0p015bar_298K_mmolg,43,4.843627548217773,4.95895201365153,4.901289780934651,7,0.5755964219570157
CO2_0p015bar_298K_mmolg,44,4.95895201365153,5.074276479085286,5.016614246368408,6,0.5755964219570157
CO2_0p015bar_298K_mmolg,45,5.074276479085286,5.189600944519043,5.131938711802165,4,0.5755964219570157
CO2_0p015bar_298K_mmolg,46,5.189600944519043,5.3049254099528,5.247263177235921,0,0.5755964219570157
CO2_0p015bar_298K_mmolg,47,5.3049254099528,5.420249875386555,5.362587642669677,1,0.5755964219570157
CO2_0p015bar_298K_mmolg,48,5.420249875386555,5.535574340820312,5.477912108103434,2,0.5755964219570157
CO2_0p015bar_298K_mmolg,49,5.535574340820312,5.650898806254069,5.59323657353719,0,0.5755964219570157
CO2_0p015bar_298K_mmolg,50,5.650898806254069,5.766223271687825,5.708561038970947,8,0.5755964219570157
CO2_0p015bar_298K_mmolg,51,5.766223271687825,5.881547737121582,5.8238855044047035,6,0.5755964219570157
CO2_0p015bar_298K_mmolg,52,5.881547737121582,5.9968722025553385,5.93920996983846,3,0.5755964219570157
CO2_0p015bar_298K_mmolg,53,5.9968722025553385,6.112196667989095,6.054534435272217,2,0.5755964219570157
CO2_0p015bar_298K_mmolg,54,6.112196667989095,6.227521133422851,6.169858900705973,1,0.5755964219570157
CO2_0p015bar_298K_mmolg,55,6.227521133422851,6.3428455988566075,6.285183366139729,1,0.5755964219570157
CO2_0p015bar_298K_mmolg,56,6.3428455988566075,6.458170064290364,6.400507831573486,0,0.5755964219570157
CO2_0p015bar_298K_mmolg,57,6.458170064290364,6.573494529724121,6.515832297007242,0,0.5755964219570157
CO2_0p015bar_298K_mmolg,58,6.573494529724121,6.688818995157877,6.631156762440999,0,0.5755964219570157
CO2_0p015bar_298K_mmolg,59,6.688818995157877,6.804143460591634,6.746481227874756,1,0.5755964219570157
CO2_0p015bar_298K_mmolg,60,6.804143460591634,6.919467926025391,6.861805693308512,1,0.5755964219570157
CO2_0p150bar_298K_mmolg,1,0.0,0.23202039400736493,0.11601019700368247,32892,3.26669065952301
CO2_0p150bar_298K_mmolg,2,0.23202039400736493,0.46404078801472987,0.3480305910110474,78454,3.26669065952301
CO2_0p150bar_298K_mmolg,3,0.46404078801472987,0.6960611820220948,0.5800509850184123,43472,3.26669065952301
CO2_0p150bar_298K_mmolg,4,0.6960611820220948,0.9280815760294597,0.8120713790257772,27636,3.26669065952301
CO2_0p150bar_298K_mmolg,5,0.9280815760294597,1.1601019700368247,1.0440917730331423,18634,3.26669065952301
CO2_0p150bar_298K_mmolg,6,1.1601019700368247,1.3921223640441895,1.2761121670405071,13970,3.26669065952301
CO2_0p150bar_298K_mmolg,7,1.3921223640441895,1.6241427580515546,1.508132561047872,10728,3.26669065952301
CO2_0p150bar_298K_mmolg,8,1.6241427580515546,1.8561631520589195,1.740152955055237,8483,3.26669065952301
CO2_0p150bar_298K_mmolg,9,1.8561631520589195,2.0881835460662845,1.972173349062602,7002,3.26669065952301
CO2_0p150bar_298K_mmolg,10,2.0881835460662845,2.3202039400736494,2.204193743069967,6005,3.26669065952301
CO2_0p150bar_298K_mmolg,11,2.3202039400736494,2.5522243340810142,2.436214137077332,5344,3.26669065952301
CO2_0p150bar_298K_mmolg,12,2.5522243340810142,2.784244728088379,2.6682345310846967,4709,3.26669065952301
CO2_0p150bar_298K_mmolg,13,2.784244728088379,3.016265122095744,2.9002549250920615,4034,3.26669065952301
CO2_0p150bar_298K_mmolg,14,3.016265122095744,3.2482855161031092,3.132275319099427,3436,3.26669065952301
CO2_0p150bar_298K_mmolg,15,3.2482855161031092,3.480305910110474,3.3642957131067917,2859,3.26669065952301
CO2_0p150bar_298K_mmolg,16,3.480305910110474,3.712326304117839,3.5963161071141565,2479,3.26669065952301
CO2_0p150bar_298K_mmolg,17,3.712326304117839,3.9443466981252038,3.8283365011215214,2047,3.26669065952301
CO2_0p150bar_298K_mmolg,18,3.9443466981252038,4.176367092132569,4.060356895128886,1600,3.26669065952301
CO2_0p150bar_298K_mmolg,19,4.176367092132569,4.408387486139934,4.292377289136251,1361,3.26669065952301
CO2_0p150bar_298K_mmolg,20,4.408387486139934,4.640407880147299,4.524397683143617,979,3.26669065952301
CO2_0p150bar_298K_mmolg,21,4.640407880147299,4.872428274154664,4.756418077150981,745,3.26669065952301
CO2_0p150bar_298K_mmolg,22,4.872428274154664,5.1044486681620285,4.9884384711583465,476,3.26669065952301
CO2_0p150bar_298K_mmolg,23,5.1044486681620285,5.336469062169393,5.2204588651657104,386,3.26669065952301
CO2_0p150bar_298K_mmolg,24,5.336469062169393,5.568489456176758,5.452479259173076,278,3.26669065952301
CO2_0p150bar_298K_mmolg,25,5.568489456176758,5.800509850184123,5.68449965318044,221,3.26669065952301
CO2_0p150bar_298K_mmolg,26,5.800509850184123,6.032530244191488,5.916520047187806,173,3.26669065952301
CO2_0p150bar_298K_mmolg,27,6.032530244191488,6.264550638198854,6.148540441195171,105,3.26669065952301
CO2_0p150bar_298K_mmolg,28,6.264550638198854,6.4965710322062185,6.380560835202536,75,3.26669065952301
CO2_0p150bar_298K_mmolg,29,6.4965710322062185,6.728591426213583,6.612581229209901,86,3.26669065952301
CO2_0p150bar_298K_mmolg,30,6.728591426213583,6.960611820220948,6.844601623217265,60,3.26669065952301
CO2_0p150bar_298K_mmolg,31,6.960611820220948,7.192632214228313,7.076622017224631,59,3.26669065952301
CO2_0p150bar_298K_mmolg,32,7.192632214228313,7.424652608235678,7.308642411231995,46,3.26669065952301
CO2_0p150bar_298K_mmolg,33,7.424652608235678,7.656673002243043,7.540662805239361,26,3.26669065952301
CO2_0p150bar_298K_mmolg,34,7.656673002243043,7.8886933962504076,7.772683199246725,19,3.26669065952301
CO2_0p150bar_298K_mmolg,35,7.8886933962504076,8.120713790257772,8.00470359325409,20,3.26669065952301
CO2_0p150bar_298K_mmolg,36,8.120713790257772,8.352734184265138,8.236723987261456,11,3.26669065952301
CO2_0p150bar_298K_mmolg,37,8.352734184265138,8.584754578272502,8.46874438126882,17,3.26669065952301
CO2_0p150bar_298K_mmolg,38,8.584754578272502,8.816774972279868,8.700764775276184,10,3.26669065952301
CO2_0p150bar_298K_mmolg,39,8.816774972279868,9.048795366287232,8.93278516928355,14,3.26669065952301
CO2_0p150bar_298K_mmolg,40,9.048795366287232,9.280815760294598,9.164805563290916,7,3.26669065952301
CO2_0p150bar_298K_mmolg,41,9.280815760294598,9.512836154301961,9.39682595729828,15,3.26669065952301
CO2_0p150bar_298K_mmolg,42,9.512836154301961,9.744856548309327,9.628846351305643,7,3.26669065952301
CO2_0p150bar_298K_mmolg,43,9.744856548309327,9.976876942316693,9.860866745313011,8,3.26669065952301
CO2_0p150bar_298K_mmolg,44,9.976876942316693,10.208897336324057,10.092887139320375,3,3.26669065952301
CO2_0p150bar_298K_mmolg,45,10.208897336324057,10.440917730331423,10.324907533327739,4,3.26669065952301
CO2_0p150bar_298K_mmolg,46,10.440917730331423,10.672938124338787,10.556927927335105,1,3.26669065952301
CO2_0p150bar_298K_mmolg,47,10.672938124338787,10.904958518346152,10.78894832134247,3,3.26669065952301
CO2_0p150bar_298K_mmolg,48,10.904958518346152,11.136978912353516,11.020968715349834,1,3.26669065952301
CO2_0p150bar_298K_mmolg,49,11.136978912353516,11.368999306360882,11.252989109357198,1,3.26669065952301
CO2_0p150bar_298K_mmolg,50,11.368999306360882,11.601019700368246,11.485009503364564,1,3.26669065952301
CO2_0p150bar_298K_mmolg,51,11.601019700368246,11.833040094375612,11.71702989737193,1,3.26669065952301
CO2_0p150bar_298K_mmolg,52,11.833040094375612,12.065060488382976,11.949050291379294,1,3.26669065952301
CO2_0p150bar_298K_mmolg,53,12.065060488382976,12.297080882390341,12.181070685386658,0,3.26669065952301
CO2_0p150bar_298K_mmolg,54,12.297080882390341,12.529101276397707,12.413091079394025,0,3.26669065952301
CO2_0p150bar_298K_mmolg,55,12.529101276397707,12.761121670405071,12.64511147340139,0,3.26669065952301
CO2_0p150bar_298K_mmolg,56,12.761121670405071,12.993142064412437,12.877131867408753,1,3.26669065952301
CO2_0p150bar_298K_mmolg,57,12.993142064412437,13.2251624584198,13.109152261416119,0,3.26669065952301
CO2_0p150bar_298K_mmolg,58,13.2251624584198,13.457182852427167,13.341172655423485,0,3.26669065952301
CO2_0p150bar_298K_mmolg,59,13.457182852427167,13.68920324643453,13.573193049430849,1,3.26669065952301
CO2_0p150bar_298K_mmolg,60,13.68920324643453,13.921223640441896,13.805213443438213,4,3.26669065952301
CH4_5p8bar_298K_mmolg,1,0.0,0.18836175600687663,0.09418087800343831,945,6.666360521316528
CH4_5p8bar_298K_mmolg,2,0.18836175600687663,0.37672351201375326,0.28254263401031493,269,6.666360521316528
CH4_5p8bar_298K_mmolg,3,0.37672351201375326,0.5650852680206299,0.47090439001719153,238,6.666360521316528
CH4_5p8bar_298K_mmolg,4,0.5650852680206299,0.7534470240275065,0.6592661460240682,274,6.666360521316528
CH4_5p8bar_298K_mmolg,5,0.7534470240275065,0.9418087800343832,0.8476279020309448,432,6.666360521316528
CH4_5p8bar_298K_mmolg,6,0.9418087800343832,1.1301705360412597,1.0359896580378214,494,6.666360521316528
CH4_5p8bar_298K_mmolg,7,1.1301705360412597,1.3185322920481364,1.224351414044698,667,6.666360521316528
CH4_5p8bar_298K_mmolg,8,1.3185322920481364,1.506894048055013,1.4127131700515747,968,6.666360521316528
CH4_5p8bar_298K_mmolg,9,1.506894048055013,1.6952558040618897,1.6010749260584514,1669,6.666360521316528
CH4_5p8bar_298K_mmolg,10,1.6952558040618897,1.8836175600687664,1.789436682065328,2686,6.666360521316528
CH4_5p8bar_298K_mmolg,11,1.8836175600687664,2.071979316075643,1.9777984380722047,4049,6.666360521316528
CH4_5p8bar_298K_mmolg,12,2.071979316075643,2.2603410720825194,2.1661601940790813,5942,6.666360521316528
CH4_5p8bar_298K_mmolg,13,2.2603410720825194,2.448702828089396,2.3545219500859575,8025,6.666360521316528
CH4_5p8bar_298K_mmolg,14,2.448702828089396,2.6370645840962728,2.5428837060928347,10080,6.666360521316528
CH4_5p8bar_298K_mmolg,15,2.6370645840962728,2.8254263401031494,2.731245462099711,12153,6.666360521316528
CH4_5p8bar_298K_mmolg,16,2.8254263401031494,3.013788096110026,2.919607218106588,13785,6.666360521316528
CH4_5p8bar_298K_mmolg,17,3.013788096110026,3.2021498521169027,3.107968974113464,14698,6.666360521316528
CH4_5p8bar_298K_mmolg,18,3.2021498521169027,3.3905116081237794,3.2963307301203413,14822,6.666360521316528
CH4_5p8bar_298K_mmolg,19,3.3905116081237794,3.578873364130656,3.4846924861272175,14293,6.666360521316528
CH4_5p8bar_298K_mmolg,20,3.578873364130656,3.7672351201375327,3.6730542421340946,13780,6.666360521316528
CH4_5p8bar_298K_mmolg,21,3.7672351201375327,3.9555968761444094,3.861415998140971,13202,6.666360521316528
CH4_5p8bar_298K_mmolg,22,3.9555968761444094,4.143958632151286,4.049777754147847,12691,6.666360521316528
CH4_5p8bar_298K_mmolg,23,4.143958632151286,4.332320388158163,4.238139510154724,12303,6.666360521316528
CH4_5p8bar_298K_mmolg,24,4.332320388158163,4.520682144165039,4.426501266161601,11925,6.666360521316528
CH4_5p8bar_298K_mmolg,25,4.520682144165039,4.709043900171916,4.614863022168477,11453,6.666360521316528
CH4_5p8bar_298K_mmolg,26,4.709043900171916,4.897405656178792,4.803224778175354,11043,6.666360521316528
CH4_5p8bar_298K_mmolg,27,4.897405656178792,5.085767412185669,4.991586534182231,10675,6.666360521316528
CH4_5p8bar_298K_mmolg,28,5.085767412185669,5.2741291681925455,5.179948290189108,10195,6.666360521316528
CH4_5p8bar_298K_mmolg,29,5.2741291681925455,5.462490924199423,5.368310046195984,9330,6.666360521316528
CH4_5p8bar_298K_mmolg,30,5.462490924199423,5.650852680206299,5.55667180220286,8596,6.666360521316528
CH4_5p8bar_298K_mmolg,31,5.650852680206299,5.839214436213176,5.745033558209737,8032,6.666360521316528
CH4_5p8bar_298K_mmolg,32,5.839214436213176,6.027576192220052,5.9333953142166145,7146,6.666360521316528
CH4_5p8bar_298K_mmolg,33,6.027576192220052,6.215937948226928,6.12175707022349,6280,6.666360521316528
CH4_5p8bar_298K_mmolg,34,6.215937948226928,6.4042997042338055,6.310118826230367,5566,6.666360521316528
CH4_5p8bar_298K_mmolg,35,6.4042997042338055,6.592661460240682,6.498480582237244,4755,6.666360521316528
CH4_5p8bar_298K_mmolg,36,6.592661460240682,6.781023216247559,6.68684233824412,3788,6.666360521316528
CH4_5p8bar_298K_mmolg,37,6.781023216247559,6.969384972254435,6.875204094250996,3008,6.666360521316528
CH4_5p8bar_298K_mmolg,38,6.969384972254435,7.157746728261312,7.0635658502578735,2338,6.666360521316528
CH4_5p8bar_298K_mmolg,39,7.157746728261312,7.346108484268188,7.251927606264751,1731,6.666360521316528
CH4_5p8bar_298K_mmolg,40,7.346108484268188,7.534470240275065,7.440289362271627,1374,6.666360521316528
CH4_5p8bar_298K_mmolg,41,7.534470240275065,7.722831996281942,7.628651118278503,942,6.666360521316528
CH4_5p8bar_298K_mmolg,42,7.722831996281942,7.911193752288819,7.81701287428538,712,6.666360521316528
CH4_5p8bar_298K_mmolg,43,7.911193752288819,8.099555508295696,8.005374630292257,554,6.666360521316528
CH4_5p8bar_298K_mmolg,44,8.099555508295696,8.287917264302571,8.193736386299133,367,6.666360521316528
CH4_5p8bar_298K_mmolg,45,8.287917264302571,8.476279020309448,8.38209814230601,229,6.666360521316528
CH4_5p8bar_298K_mmolg,46,8.476279020309448,8.664640776316325,8.570459898312887,178,6.666360521316528
CH4_5p8bar_298K_mmolg,47,8.664640776316325,8.853002532323202,8.758821654319764,125,6.666360521316528
CH4_5p8bar_298K_mmolg,48,8.853002532323202,9.041364288330078,8.947183410326641,69,6.666360521316528
CH4_5p8bar_298K_mmolg,49,9.041364288330078,9.229726044336955,9.135545166333516,59,6.666360521316528
CH4_5p8bar_298K_mmolg,50,9.229726044336955,9.418087800343832,9.323906922340393,29,6.666360521316528
CH4_5p8bar_298K_mmolg,51,9.418087800343832,9.606449556350707,9.512268678347269,16,6.666360521316528
CH4_5p8bar_298K_mmolg,52,9.606449556350707,9.794811312357584,9.700630434354146,14,6.666360521316528
CH4_5p8bar_298K_mmolg,53,9.794811312357584,9.983173068364461,9.888992190361023,9,6.666360521316528
CH4_5p8bar_298K_mmolg,54,9.983173068364461,10.171534824371339,10.0773539463679,2,6.666360521316528
CH4_5p8bar_298K_mmolg,55,10.171534824371339,10.359896580378214,10.265715702374777,1,6.666360521316528
CH4_5p8bar_298K_mmolg,56,10.359896580378214,10.548258336385091,10.454077458381652,3,6.666360521316528
CH4_5p8bar_298K_mmolg,57,10.548258336385091,10.736620092391968,10.64243921438853,0,6.666360521316528
CH4_5p8bar_298K_mmolg,58,10.736620092391968,10.924981848398845,10.830800970395407,0,6.666360521316528
CH4_5p8bar_298K_mmolg,59,10.924981848398845,11.11334360440572,11.019162726402282,0,6.666360521316528
CH4_5p8bar_298K_mmolg,60,11.11334360440572,11.301705360412598,11.207524482409159,1,6.666360521316528
CH4_65bar_298K_mmolg,1,0.0,1.052430025736491,0.5262150128682455,1079,27.47998533248901
CH4_65bar_298K_mmolg,2,1.052430025736491,2.104860051472982,1.5786450386047364,1606,27.47998533248901
CH4_65bar_298K_mmolg,3,2.104860051472982,3.1572900772094727,2.6310750643412275,2586,27.47998533248901
CH4_65bar_298K_mmolg,4,3.1572900772094727,4.209720102945964,3.683505090077718,3823,27.47998533248901
CH4_65bar_298K_mmolg,5,4.209720102945964,5.262150128682455,4.735935115814209,5270,27.47998533248901
CH4_65bar_298K_mmolg,6,5.262150128682455,6.3145801544189455,5.788365141550701,6822,27.47998533248901
CH4_65bar_298K_mmolg,7,6.3145801544189455,7.367010180155436,6.84079516728719,8582,27.47998533248901
CH4_65bar_298K_mmolg,8,7.367010180155436,8.419440205891927,7.893225193023682,10210,27.47998533248901
CH4_65bar_298K_mmolg,9,8.419440205891927,9.471870231628419,8.945655218760173,12470,27.47998533248901
CH4_65bar_298K_mmolg,10,9.471870231628419,10.52430025736491,9.998085244496664,13913,27.47998533248901
CH4_65bar_298K_mmolg,11,10.52430025736491,11.5767302831014,11.050515270233156,15353,27.47998533248901
CH4_65bar_298K_mmolg,12,11.5767302831014,12.629160308837891,12.102945295969645,16478,27.47998533248901
CH4_65bar_298K_mmolg,13,12.629160308837891,13.681590334574382,13.155375321706137,16845,27.47998533248901
CH4_65bar_298K_mmolg,14,13.681590334574382,14.734020360310872,14.207805347442626,17218,27.47998533248901
CH4_65bar_298K_mmolg,15,14.734020360310872,15.786450386047363,15.260235373179118,17383,27.47998533248901
CH4_65bar_298K_mmolg,16,15.786450386047363,16.838880411783855,16.31266539891561,17268,27.47998533248901
CH4_65bar_298K_mmolg,17,16.838880411783855,17.891310437520346,17.3650954246521,16625,27.47998533248901
CH4_65bar_298K_mmolg,18,17.891310437520346,18.943740463256837,18.41752545038859,14888,27.47998533248901
CH4_65bar_298K_mmolg,19,18.943740463256837,19.99617048899333,19.469955476125083,12455,27.47998533248901
CH4_65bar_298K_mmolg,20,19.99617048899333,21.04860051472982,20.522385501861574,10796,27.47998533248901
CH4_65bar_298K_mmolg,21,21.04860051472982,22.101030540466308,21.574815527598062,9586,27.47998533248901
CH4_65bar_298K_mmolg,22,22.101030540466308,23.1534605662028,22.627245553334554,8656,27.47998533248901
CH4_65bar_298K_mmolg,23,23.1534605662028,24.20589059193929,23.679675579071045,7653,27.47998533248901
CH4_65bar_298K_mmolg,24,24.20589059193929,25.258320617675782,24.732105604807536,6777,27.47998533248901
CH4_65bar_298K_mmolg,25,25.258320617675782,26.310750643412273,25.784535630544028,5572,27.47998533248901
CH4_65bar_298K_mmolg,26,26.310750643412273,27.363180669148765,26.83696565628052,4682,27.47998533248901
CH4_65bar_298K_mmolg,27,27.363180669148765,28.415610694885256,27.88939568201701,3744,27.47998533248901
CH4_65bar_298K_mmolg,28,28.415610694885256,29.468040720621744,28.9418257077535,2936,27.47998533248901
CH4_65bar_298K_mmolg,29,29.468040720621744,30.520470746358235,29.99425573348999,2198,27.47998533248901
CH4_65bar_298K_mmolg,30,30.520470746358235,31.572900772094727,31.04668575922648,1519,27.47998533248901
CH4_65bar_298K_mmolg,31,31.572900772094727,32.62533079783122,32.099115784962976,1118,27.47998533248901
CH4_65bar_298K_mmolg,32,32.62533079783122,33.67776082356771,33.15154581069946,783,27.47998533248901
CH4_65bar_298K_mmolg,33,33.67776082356771,34.7301908493042,34.20397583643596,574,27.47998533248901
CH4_65bar_298K_mmolg,34,34.7301908493042,35.78262087504069,35.25640586217244,437,27.47998533248901
CH4_65bar_298K_mmolg,35,35.78262087504069,36.83505090077718,36.30883588790894,342,27.47998533248901
CH4_65bar_298K_mmolg,36,36.83505090077718,37.887480926513675,37.361265913645425,218,27.47998533248901
CH4_65bar_298K_mmolg,37,37.887480926513675,38.939910952250166,38.413695939381924,115,27.47998533248901
CH4_65bar_298K_mmolg,38,38.939910952250166,39.99234097798666,39.46612596511841,103,27.47998533248901
CH4_65bar_298K_mmolg,39,39.99234097798666,41.04477100372315,40.51855599085491,82,27.47998533248901
CH4_65bar_298K_mmolg,40,41.04477100372315,42.09720102945964,41.57098601659139,58,27.47998533248901
CH4_65bar_298K_mmolg,41,42.09720102945964,43.149631055196124,42.62341604232788,43,27.47998533248901
CH4_65bar_298K_mmolg,42,43.149631055196124,44.202061080932616,43.675846068064374,37,27.47998533248901
CH4_65bar_298K_mmolg,43,44.202061080932616,45.25449110666911,44.72827609380086,32,27.47998533248901
CH4_65bar_298K_mmolg,44,45.25449110666911,46.3069211324056,45.780706119537356,18,27.47998533248901
CH4_65bar_298K_mmolg,45,46.3069211324056,47.35935115814209,46.83313614527384,17,27.47998533248901
CH4_65bar_298K_mmolg,46,47.35935115814209,48.41178118387858,47.88556617101034,14,27.47998533248901
CH4_65bar_298K_mmolg,47,48.41178118387858,49.46421120961507,48.93799619674682,7,27.47998533248901
CH4_65bar_298K_mmolg,48,49.46421120961507,50.516641235351564,49.99042622248332,3,27.47998533248901
CH4_65bar_298K_mmolg,49,50.516641235351564,51.569071261088055,51.042856248219806,3,27.47998533248901
CH4_65bar_298K_mmolg,50,51.569071261088055,52.62150128682455,52.095286273956305,6,27.47998533248901
CH4_65bar_298K_mmolg,51,52.62150128682455,53.67393131256104,53.14771629969279,1,27.47998533248901
CH4_65bar_298K_mmolg,52,53.67393131256104,54.72636133829753,54.20014632542929,1,27.47998533248901
CH4_65bar_298K_mmolg,53,54.72636133829753,55.77879136403402,55.25257635116577,1,27.47998533248901
CH4_65bar_298K_mmolg,54,55.77879136403402,56.83122138977051,56.30500637690227,1,27.47998533248901
CH4_65bar_298K_mmolg,55,56.83122138977051,57.883651415507,57.357436402638754,0,27.47998533248901
CH4_65bar_298K_mmolg,56,57.883651415507,58.93608144124349,58.409866428375246,0,27.47998533248901
CH4_65bar_298K_mmolg,57,58.93608144124349,59.98851146697998,59.46229645411174,2,27.47998533248901
CH4_65bar_298K_mmolg,58,59.98851146697998,61.04094149271647,60.51472647984822,0,27.47998533248901
CH4_65bar_298K_mmolg,59,61.04094149271647,62.09337151845296,61.56715650558472,0,27.47998533248901
CH4_65bar_298K_mmolg,60,62.09337151845296,63.14580154418945,62.619586531321204,1,27.47998533248901
