target,target_label_plain,mof_id,filename,consensus_score,y_true_median,y_pred_median,split_lower_median,split_upper_median,true_percentile,pred_percentile,n_models,n_seeds,n_splits,n_budgets,trusted_support
CH4_5p8bar_298K_mmolg,CH4 5.8 bar,DB0-m3_o1520_o156_f0_fsc.sym.34,DB0-m3_o1520_o156_f0_fsc.sym.34.cif,54.603233333333336,8.517160415649414,7.6316614,6.425999239651561,8.834168,0.9983548976739185,0.9900469517221605,5,4,5,4,51
CH4_5p8bar_298K_mmolg,CH4 5.8 bar,DB0-m3_o43_o156_f0_fsc.sym.64,DB0-m3_o43_o156_f0_fsc.sym.64.cif,54.4688,8.983488082885742,7.794746764928423,6.558074791832853,9.005113380052416,0.9994659689616859,0.9925199813626752,5,5,4,5,50
CH4_5p8bar_298K_mmolg,CH4 5.8 bar,DB0-m3_o44_o156_f0_fsc.sym.24,DB0-m3_o44_o156_f0_fsc.sym.24.cif,53.728125000000006,8.337862014770508,7.52298361396158,6.29126864413459,8.769529625780299,0.9976094046808358,0.9878606501559084,5,5,5,4,50
CH4_5p8bar_298K_mmolg,CH4 5.8 bar,DB0-m3_o153_o156_f0_fsc.sym.73,DB0-m3_o153_o156_f0_fsc.sym.73.cif,52.2626,8.013068199157715,7.672290732379638,6.465929528394886,8.946472836180849,0.9953550051969463,0.9907243467976058,5,5,4,4,44
CH4_5p8bar_298K_mmolg,CH4 5.8 bar,DB0-m3_o440_o155_f0_fsc.sym.13,DB0-m3_o440_o155_f0_fsc.sym.13.cif,52.21821666666667,8.735939025878906,7.674775,6.433216921518017,8.888353,0.9990251245475072,0.9907709401096735,5,5,4,4,45
CH4_65bar_298K_mmolg,CH4 65 bar,DB7-ddmof_22845,DB7-ddmof_22845.cif,65.10745,45.76158142089844,39.23882105255127,37.038586,41.402473,0.9997634493387334,0.998577111931472,5,5,5,6,89
CH4_65bar_298K_mmolg,CH4 65 bar,DB7-ddmof_23735,DB7-ddmof_23735.cif,64.31450833333334,46.59375,38.6934545,36.37185695861817,40.99748726982608,0.9998207949535859,0.9983835704813447,5,5,5,5,90
CH4_65bar_298K_mmolg,CH4 65 bar,DB7-ddmof_23766,DB7-ddmof_23766.cif,63.97840833333333,47.76900863647461,38.862103000000005,36.44088757847841,41.27457145928955,0.9998745564675101,0.9984337478943407,5,5,5,5,88
CH4_65bar_298K_mmolg,CH4 65 bar,DB0-m2_o29_frl,DB0-m2_o29_frl.cif,62.63271666666666,50.738914489746094,38.605548,36.23140660377732,40.7865085,0.999949822587004,0.998336977169277,5,5,6,5,76
CH4_65bar_298K_mmolg,CH4 65 bar,DB0-m3_o29_nbo,DB0-m3_o29_nbo.cif,62.44752499999999,52.52501678466797,38.95787112688817,36.72811369919777,41.247191334950976,0.999974911293502,0.9984588366008387,5,5,5,5,80
CO2_0p015bar_298K_mmolg,CO2 0.015 bar,DB1-Uio66Zr-irmof20_A_No13,DB1-Uio66Zr-irmof20_A_No13.cif,43.71523333333333,1.503175973892212,2.229950321763754,1.885201433823608,2.457235219553113,0.9910254112755815,0.9965485108060643,4,4,5,5,29
CO2_0p015bar_298K_mmolg,CO2 0.015 bar,DB12-QADKAH_clean,DB12-QADKAH_clean.cif,42.952983333333336,2.5509541034698486,2.071023853132709,1.814385774254799,2.297054005052071,0.997648829791047,0.9957922655101967,5,4,5,4,13
CO2_0p015bar_298K_mmolg,CO2 0.015 bar,DB12-UHISOU_clean,DB12-UHISOU_clean.cif,42.27284166666666,3.183881998062134,2.0203553,1.8003158520590627,2.2444137,0.9988495036020214,0.9955377943442887,5,4,4,5,18
CO2_0p015bar_298K_mmolg,CO2 0.015 bar,DB1-Zn2O8N2-irmof8_A-TePM_No124,DB1-Zn2O8N2-irmof8_A-TePM_No124.cif,41.8082,6.2064409255981445,2.1061654,1.8680752386696329,2.2844665,0.9999892476972152,0.9959786387584675,4,4,4,5,30
CO2_0p015bar_298K_mmolg,CO2 0.015 bar,DB1-Zn2O8-irmof20_A-mof505_No13,DB1-Zn2O8-irmof20_A-mof505_No13.cif,41.80018333333333,5.5015082359313965,2.172524093536884,1.986349515434784,2.358698571638984,0.9999139815777213,0.9963119601447977,4,5,5,4,14
CO2_0p150bar_298K_mmolg,CO2 0.150 bar,DB1-Zn2O8-AZO_A-irmof7_A_No473,DB1-Zn2O8-AZO_A-irmof7_A_No473.cif,48.80771666666667,5.584889888763428,5.130725,4.0779796,5.959651,0.9964517400810007,0.9942260134045374,5,4,6,3,19
CO2_0p150bar_298K_mmolg,CO2 0.150 bar,DB1-Cu2O8N2-DPAC_A-irmof14_A_No558,DB1-Cu2O8N2-DPAC_A-irmof14_A_No558.cif,48.64873333333333,4.999475955963135,5.683664033830166,4.347326230704784,6.599075364798307,0.9934805204114547,0.9968459911831117,5,5,5,3,19
CO2_0p150bar_298K_mmolg,CO2 0.150 bar,DB1-Cu2O8-AZO_A-DPAC_A_No898,DB1-Cu2O8-AZO_A-DPAC_A_No898.cif,47.94095,2.8405520915985107,5.557216655284166,4.5180216,6.408453066498041,0.9260241568402566,0.9963478011540805,5,4,5,3,19
CO2_0p150bar_298K_mmolg,CO2 0.150 bar,DB1-Zn2O8-AZO_A-irmof6_A_No350,DB1-Zn2O8-AZO_A-irmof6_A_No350.cif,46.752316666666665,5.312166213989258,5.010159039997393,3.810584888287245,6.266759849250317,0.9952976595820938,0.9935486183290921,5,4,6,4,15
CO2_0p150bar_298K_mmolg,CO2 0.150 bar,DB1-Zn2O8-AZO_A-irmof7_A_No480,DB1-Zn2O8-AZO_A-irmof7_A_No480.cif,46.3269,7.044043064117432,5.69207571926647,3.9909181386257337,6.585043295031268,0.9990717178595749,0.9968603275868249,5,5,4,4,21
