target,feature_set,split,model,budget,n_rows,y_pred_min,y_pred_median,y_pred_max,y_true_min,y_true_max,n_candidate_eligible,n_prediction_sanity_pass
CH4_5p8bar_298K_mmolg,geometry_only,functional_grouped,extra_trees,500,4,7.638532387733459,7.707796466350556,7.911150502204895,5.245156764984131,8.86164665222168,4,4
CH4_5p8bar_298K_mmolg,geometry_only,functional_grouped,extra_trees,1000,8,7.523628287315368,7.697943832397462,7.939227272033691,7.303890228271484,8.803298950195312,8,8
CH4_5p8bar_298K_mmolg,geometry_only,functional_grouped,lightgbm,500,19,7.651552436136918,7.81109668307731,8.173782764804207,4.362714767456055,9.160057067871094,19,19
CH4_5p8bar_298K_mmolg,geometry_only,functional_grouped,lightgbm,1000,40,7.617852487740322,7.779874031075696,8.061464968372983,5.274026870727539,9.021913528442385,40,40
CH4_5p8bar_298K_mmolg,geometry_only,functional_grouped,xgboost,200,1,8.076037,8.076037,8.076037,8.048213958740234,8.048213958740234,1,1
CH4_5p8bar_298K_mmolg,geometry_only,functional_grouped,xgboost,500,23,7.6356707,7.737192,8.250971,4.362714767456055,9.160057067871094,23,23
CH4_5p8bar_298K_mmolg,geometry_only,functional_grouped,xgboost,1000,35,7.5078936,7.9034843,8.544163,4.035940170288086,11.301705360412598,35,35
CH4_5p8bar_298K_mmolg,geometry_only,geometry_grouped,extra_trees,200,1,7.994418281555176,7.994418281555176,7.994418281555176,8.810771942138672,8.810771942138672,1,1
CH4_5p8bar_298K_mmolg,geometry_only,geometry_grouped,extra_trees,500,12,7.689572809696197,7.783496630191803,8.178414039611816,3.987873077392578,8.85732364654541,12,12
CH4_5p8bar_298K_mmolg,geometry_only,geometry_grouped,extra_trees,1000,1,7.607177476882935,7.607177476882935,7.607177476882935,6.4583001136779785,6.4583001136779785,1,1
CH4_5p8bar_298K_mmolg,geometry_only,geometry_grouped,hgb,500,2,7.756387429601967,7.763437058980669,7.77048668835937,7.576417922973633,7.97697114944458,2,2
CH4_5p8bar_298K_mmolg,geometry_only,geometry_grouped,lightgbm,500,84,7.705460380602245,7.956242795349572,8.361655725021208,2.876739978790283,9.215413093566896,84,84
CH4_5p8bar_298K_mmolg,geometry_only,geometry_grouped,lightgbm,1000,29,7.620694681348139,7.757039197424246,7.985079709731943,4.777122974395752,8.883939743041992,29,29
CH4_5p8bar_298K_mmolg,geometry_only,geometry_grouped,xgboost,200,15,7.8420057,7.9960775,8.427801,1.7229479551315308,8.810771942138672,15,15
CH4_5p8bar_298K_mmolg,geometry_only,geometry_grouped,xgboost,500,68,7.662139,7.7838673,8.158225,1.7466609477996826,9.164544105529783,68,68
CH4_5p8bar_298K_mmolg,geometry_only,geometry_grouped,xgboost,1000,5,7.5905256,7.625286,7.776996,4.660881042480469,7.731832981109619,5,5
CH4_5p8bar_298K_mmolg,geometry_only,ligand_grouped,extra_trees,500,5,7.840711060523986,8.19121830368042,8.34637012386322,5.786613941192627,8.837108612060547,5,5
CH4_5p8bar_298K_mmolg,geometry_only,ligand_grouped,lightgbm,500,16,7.7778817776584,7.862297976523507,8.1023403531378,4.71059513092041,8.637001037597656,16,16
CH4_5p8bar_298K_mmolg,geometry_only,ligand_grouped,lightgbm,1000,28,7.675360262181949,7.823337471576854,8.282870188023415,3.879499912261963,9.081419944763184,28,28
CH4_5p8bar_298K_mmolg,geometry_only,ligand_grouped,xgboost,50,5,8.216449,8.416583,8.429158,5.896005153656006,8.747681617736816,5,5
CH4_5p8bar_298K_mmolg,geometry_only,ligand_grouped,xgboost,100,18,8.212462,8.302841749999999,8.493445,4.37467622756958,8.143505096435547,18,18
CH4_5p8bar_298K_mmolg,geometry_only,ligand_grouped,xgboost,500,29,7.718751,8.010726,8.509622,4.405366897583008,8.709664344787598,29,29
CH4_5p8bar_298K_mmolg,geometry_only,ligand_grouped,xgboost,1000,15,7.6328163,7.7108297,7.9927416,3.7109858989715576,9.081419944763184,15,15
CH4_5p8bar_298K_mmolg,geometry_only,metal_grouped,extra_trees,200,1,8.08858071231842,8.08858071231842,8.08858071231842,8.338257789611816,8.338257789611816,1,1
CH4_5p8bar_298K_mmolg,geometry_only,metal_grouped,extra_trees,500,4,7.879028930664062,8.29883626461029,8.81933127784729,8.6351318359375,9.07509994506836,4,4
CH4_5p8bar_298K_mmolg,geometry_only,metal_grouped,extra_trees,1000,1,7.956322731018067,7.956322731018067,7.956322731018067,8.303401947021484,8.303401947021484,1,1
CH4_5p8bar_298K_mmolg,geometry_only,metal_grouped,lightgbm,1000,7,7.812483893293131,8.017689728896672,8.18796625721448,6.067739009857178,8.590935707092285,7,7
CH4_5p8bar_298K_mmolg,geometry_only,metal_grouped,xgboost,20,1,9.022895,9.022895,9.022895,7.428114891052246,7.428114891052246,1,1
CH4_5p8bar_298K_mmolg,geometry_only,metal_grouped,xgboost,100,6,8.140736,8.1808315,8.248291,3.769998073577881,6.549051761627197,6,6
CH4_5p8bar_298K_mmolg,geometry_only,metal_grouped,xgboost,200,3,8.152849,8.315926,8.791534,5.561922073364258,8.353787422180176,3,3
CH4_5p8bar_298K_mmolg,geometry_only,metal_grouped,xgboost,1000,6,7.7409563,7.98278335,8.14163,4.464309215545654,8.303401947021484,6,6
CH4_5p8bar_298K_mmolg,geometry_only,random,extra_trees,50,5,8.09313374710083,8.281078523635864,8.345224374771119,7.910828113555908,8.637001037597656,5,5
CH4_5p8bar_298K_mmolg,geometry_only,random,extra_trees,100,1,7.990276062011719,7.990276062011719,7.990276062011719,8.85891056060791,8.85891056060791,1,1
CH4_5p8bar_298K_mmolg,geometry_only,random,extra_trees,500,7,7.679522222518921,7.747570004463196,8.805026054382324,5.377735137939453,8.76151180267334,7,7
CH4_5p8bar_298K_mmolg,geometry_only,random,extra_trees,1000,8,7.597994701385498,7.716196102142334,8.002540588378906,7.917333126068115,8.531875610351562,8,8
CH4_5p8bar_298K_mmolg,geometry_only,random,hgb,1000,34,7.581994910947165,7.651175540034302,7.884325699170408,2.9131228923797607,8.754088401794434,34,34
CH4_5p8bar_298K_mmolg,geometry_only,random,lightgbm,500,61,7.763131734863578,7.904225909337538,8.267749502394333,4.41029691696167,8.619473457336426,61,61
CH4_5p8bar_298K_mmolg,geometry_only,random,lightgbm,1000,120,7.607126706995828,7.7779911047191295,8.299956069800007,2.9131228923797607,8.754088401794434,120,120
CH4_5p8bar_298K_mmolg,geometry_only,random,xgboost,50,3,8.359185,8.36047,8.390541,8.512541770935059,8.637001037597656,3,3
CH4_5p8bar_298K_mmolg,geometry_only,random,xgboost,500,25,7.6724052,7.852607,8.332422,4.848338127136231,8.76151180267334,25,25
CH4_5p8bar_298K_mmolg,geometry_only,random,xgboost,1000,61,7.5664644,7.735601,8.153022,4.175725936889648,9.346652030944824,61,61
CH4_5p8bar_298K_mmolg,geometry_only,topology_grouped,extra_trees,200,34,7.572993586540222,7.750551165580749,7.998453515052796,4.61398983001709,6.557806968688965,34,34
CH4_5p8bar_298K_mmolg,geometry_only,topology_grouped,lightgbm,200,10,7.629024522481702,7.629024522481702,7.70935021628445,4.636178970336914,7.108732223510742,10,10
CH4_5p8bar_298K_mmolg,geometry_only,topology_grouped,lightgbm,1000,1,7.35337016186439,7.35337016186439,7.35337016186439,5.728264808654785,5.728264808654785,1,1
CH4_5p8bar_298K_mmolg,geometry_only,topology_grouped,xgboost,50,401,8.345193,9.013677,9.108276,1.6836659908294678,8.10175895690918,401,401
CH4_5p8bar_298K_mmolg,geometry_only,topology_grouped,xgboost,200,44,7.746337,7.8828835,8.267435,4.263167858123779,6.473724842071533,44,44
CH4_5p8bar_298K_mmolg,geometry_only,topology_grouped,xgboost,1000,4,7.417172,7.4751797,7.5337586,4.525074005126953,5.45144510269165,4,4
CH4_5p8bar_298K_mmolg,geometry_plus_racs,functional_grouped,extra_trees,100,1,7.554931850433349,7.554931850433349,7.554931850433349,7.612607002258301,7.612607002258301,1,1
CH4_5p8bar_298K_mmolg,geometry_plus_racs,functional_grouped,extra_trees,500,16,7.330979515075684,7.479373390674591,8.021816495895386,5.315008163452148,8.86164665222168,16,16
CH4_5p8bar_298K_mmolg,geometry_plus_racs,functional_grouped,extra_trees,1000,143,7.196066960334778,7.465037654876709,8.099640214920043,5.202814102172852,9.680180549621582,143,143
CH4_5p8bar_298K_mmolg,geometry_plus_racs,functional_grouped,hgb,500,84,7.207851882526114,7.361310147379187,7.576302559096527,5.315008163452148,8.86164665222168,84,84
CH4_5p8bar_298K_mmolg,geometry_plus_racs,functional_grouped,hgb,1000,754,7.096024584848975,7.378234790275727,8.117633863417653,5.257029056549072,9.115152359008787,754,754
CH4_5p8bar_298K_mmolg,geometry_plus_racs,functional_grouped,lightgbm,100,37,7.549552367706167,7.587299205435786,7.741696512862934,6.349730014801025,8.805453300476074,37,37
CH4_5p8bar_298K_mmolg,geometry_plus_racs,functional_grouped,lightgbm,200,53,7.346835325087546,7.614456770977462,7.9446018788959805,4.849841117858887,9.219993591308594,53,53
CH4_5p8bar_298K_mmolg,geometry_plus_racs,functional_grouped,lightgbm,500,368,7.179162013022577,7.340258676084474,8.03121601356304,5.315008163452148,9.095130920410156,368,368
CH4_5p8bar_298K_mmolg,geometry_plus_racs,functional_grouped,lightgbm,1000,801,7.063474757479163,7.387692667452558,8.375084285003249,4.992611885070801,9.219993591308594,801,801
CH4_5p8bar_298K_mmolg,geometry_plus_racs,functional_grouped,rf,1000,88,7.18825496200896,7.410523803398345,7.890852975322332,5.903347015380859,9.095130920410156,88,88
CH4_5p8bar_298K_mmolg,geometry_plus_racs,functional_grouped,xgboost,100,4,7.619447,7.6292275,7.646852,7.5487380027771,7.960303783416748,4,4
CH4_5p8bar_298K_mmolg,geometry_plus_racs,functional_grouped,xgboost,200,44,7.3407784,7.5195589,7.900132,3.4579219818115234,9.219993591308594,44,44
CH4_5p8bar_298K_mmolg,geometry_plus_racs,functional_grouped,xgboost,500,418,7.11164,7.370613,8.008473,4.9861321449279785,9.115152359008787,418,418
CH4_5p8bar_298K_mmolg,geometry_plus_racs,functional_grouped,xgboost,1000,944,7.0577664,7.3583984,8.463877,5.257029056549072,9.219993591308594,944,944
CH4_5p8bar_298K_mmolg,geometry_plus_racs,geometry_grouped,extra_trees,100,1,7.721207588195801,7.721207588195801,7.721207588195801,9.182790756225586,9.182790756225586,1,1
CH4_5p8bar_298K_mmolg,geometry_plus_racs,geometry_grouped,extra_trees,200,187,7.457697143554688,7.588558081626892,8.333662996292114,4.569838047027588,9.302450180053713,187,187
CH4_5p8bar_298K_mmolg,geometry_plus_racs,geometry_grouped,extra_trees,500,128,7.340438005447388,7.564113924980163,8.040006299972534,5.315008163452148,9.447748184204102,128,128
CH4_5p8bar_298K_mmolg,geometry_plus_racs,geometry_grouped,extra_trees,1000,392,7.278450065612793,7.447925723075866,8.065901453018189,4.9779157638549805,9.346652030944824,392,392
CH4_5p8bar_298K_mmolg,geometry_plus_racs,geometry_grouped,hgb,500,391,7.241942719018145,7.390046174983039,7.82587133479064,4.3721771240234375,9.314278602600098,391,391
CH4_5p8bar_298K_mmolg,geometry_plus_racs,geometry_grouped,hgb,1000,1241,7.12719281250588,7.3760965270082846,8.063136983738408,5.1973137855529785,9.346652030944824,1241,1241
CH4_5p8bar_298K_mmolg,geometry_plus_racs,geometry_grouped,lightgbm,200,243,7.409648843066432,7.578771247948722,8.437559860508271,5.837139129638672,9.606939315795898,243,243
CH4_5p8bar_298K_mmolg,geometry_plus_racs,geometry_grouped,lightgbm,500,836,7.220497797182262,7.434239105914811,8.211355478572708,4.3721771240234375,9.606939315795898,836,836
CH4_5p8bar_298K_mmolg,geometry_plus_racs,geometry_grouped,lightgbm,1000,1643,7.129286443183367,7.429521019754924,8.30976578294116,5.1973137855529785,9.61281394958496,1643,1643
CH4_5p8bar_298K_mmolg,geometry_plus_racs,geometry_grouped,rf,500,36,7.316948964321048,7.413617363466535,7.515944782511394,6.9187750816345215,9.302450180053713,36,36
CH4_5p8bar_298K_mmolg,geometry_plus_racs,geometry_grouped,rf,1000,144,7.264134012973874,7.388723750870185,7.7558332733093724,5.3562541007995605,9.280381202697754,144,144
CH4_5p8bar_298K_mmolg,geometry_plus_racs,geometry_grouped,xgboost,100,188,7.658453,7.8734215,8.087118,5.281768798828125,9.606939315795898,188,188
CH4_5p8bar_298K_mmolg,geometry_plus_racs,geometry_grouped,xgboost,200,252,7.3508644,7.5705526,8.588584,4.569838047027588,9.302450180053713,252,252
CH4_5p8bar_298K_mmolg,geometry_plus_racs,geometry_grouped,xgboost,500,868,7.20826,7.44873835,8.557005,3.955862045288086,9.606939315795898,868,868
CH4_5p8bar_298K_mmolg,geometry_plus_racs,geometry_grouped,xgboost,1000,1574,7.1018105,7.421306749999999,8.395284,5.166125774383545,9.652789115905762,1574,1574
CH4_5p8bar_298K_mmolg,geometry_plus_racs,ligand_grouped,extra_trees,50,70,7.841397204614652,8.30009986448288,8.550362609863281,4.482234001159668,9.301645278930664,70,70
CH4_5p8bar_298K_mmolg,geometry_plus_racs,ligand_grouped,extra_trees,100,3,8.06632657814026,8.105185369491577,8.272254147529601,6.855924129486084,7.939111232757568,3,3
CH4_5p8bar_298K_mmolg,geometry_plus_racs,ligand_grouped,extra_trees,200,97,7.58849877166748,7.7694248762130735,8.048106901168824,5.2625041007995605,9.314278602600098,97,97
CH4_5p8bar_298K_mmolg,geometry_plus_racs,ligand_grouped,extra_trees,500,96,7.39547647857666,7.600329895973205,8.4714956240654,5.370687961578369,9.346652030944824,96,96
CH4_5p8bar_298K_mmolg,geometry_plus_racs,ligand_grouped,extra_trees,1000,342,7.230283029556275,7.405183735847473,8.555557445526123,5.078042984008789,9.314278602600098,342,342
CH4_5p8bar_298K_mmolg,geometry_plus_racs,ligand_grouped,hgb,500,155,7.267871285283189,7.396344009181443,7.679138609353066,5.640467166900635,9.254857063293455,155,155
CH4_5p8bar_298K_mmolg,geometry_plus_racs,ligand_grouped,hgb,1000,973,7.1066790526404064,7.389170273833539,8.132936022702152,4.8408918380737305,9.907620429992676,973,973
CH4_5p8bar_298K_mmolg,geometry_plus_racs,ligand_grouped,lightgbm,200,221,7.420790554817361,7.58565011171657,7.981767338426405,4.426624774932861,9.346652030944824,221,221
CH4_5p8bar_298K_mmolg,geometry_plus_racs,ligand_grouped,lightgbm,500,393,7.227219412070205,7.475634903306283,8.222431530389917,5.140024185180664,9.606939315795898,393,393
CH4_5p8bar_298K_mmolg,geometry_plus_racs,ligand_grouped,lightgbm,1000,1142,7.092986122476966,7.434685327797607,8.61338526788385,5.078042984008789,9.606939315795898,1142,1142
CH4_5p8bar_298K_mmolg,geometry_plus_racs,ligand_grouped,rf,500,8,7.397298697640406,7.598821312029402,7.673290631292738,7.401443958282471,9.04823875427246,8,8
CH4_5p8bar_298K_mmolg,geometry_plus_racs,ligand_grouped,rf,1000,275,7.22865775520385,7.405658860663763,8.02323175260604,5.078042984008789,9.512231826782228,275,275
CH4_5p8bar_298K_mmolg,geometry_plus_racs,ligand_grouped,xgboost,50,359,7.8036456,7.9632535,8.553559,4.504302978515625,9.61281394958496,359,359
CH4_5p8bar_298K_mmolg,geometry_plus_racs,ligand_grouped,xgboost,100,13,7.51987,7.9936323,8.398278,7.133117198944092,9.081419944763184,13,13
CH4_5p8bar_298K_mmolg,geometry_plus_racs,ligand_grouped,xgboost,200,233,7.392703,7.5978465,8.12821,5.3562541007995605,9.314278602600098,233,233
CH4_5p8bar_298K_mmolg,geometry_plus_racs,ligand_grouped,xgboost,500,550,7.2306485,7.4973142,8.511554,3.6685640811920166,9.652789115905762,550,550
CH4_5p8bar_298K_mmolg,geometry_plus_racs,ligand_grouped,xgboost,1000,1168,7.1058917,7.4581955,8.759988,5.16963005065918,9.61281394958496,1168,1168
CH4_5p8bar_298K_mmolg,geometry_plus_racs,metal_grouped,extra_trees,100,4,7.773795483589172,7.805031011104583,8.053697962760925,6.690759181976318,9.527302742004396,4,4
CH4_5p8bar_298K_mmolg,geometry_plus_racs,metal_grouped,extra_trees,1000,36,7.365352582931519,7.43885279750824,7.704470577239991,7.314489841461182,9.081419944763184,36,36
CH4_5p8bar_298K_mmolg,geometry_plus_racs,metal_grouped,hgb,1000,500,7.30413157360223,7.40366083594027,8.045371212991174,6.181857109069824,9.501922607421877,500,500
CH4_5p8bar_298K_mmolg,geometry_plus_racs,metal_grouped,lightgbm,500,78,7.338417428768813,7.472643917866147,7.753118072977593,6.998888969421387,9.280381202697754,78,78
CH4_5p8bar_298K_mmolg,geometry_plus_racs,metal_grouped,lightgbm,1000,656,7.254815316664119,7.47267478206205,8.025205572744486,5.474363803863525,9.501922607421877,656,656
CH4_5p8bar_298K_mmolg,geometry_plus_racs,metal_grouped,xgboost,200,3,7.874673,7.8827357,7.9205337,8.131441116333008,8.319732666015625,3,3
CH4_5p8bar_298K_mmolg,geometry_plus_racs,metal_grouped,xgboost,500,75,7.293329,7.4137945,7.8998547,6.997669219970703,9.463134765625,75,75
CH4_5p8bar_298K_mmolg,geometry_plus_racs,metal_grouped,xgboost,1000,669,7.2307606,7.497809,8.34614,6.074102878570557,9.501922607421877,669,669
CH4_5p8bar_298K_mmolg,geometry_plus_racs,random,extra_trees,50,27,7.836286175727844,8.002187994003297,8.411196109771728,3.766510963439941,9.652789115905762,27,27
CH4_5p8bar_298K_mmolg,geometry_plus_racs,random,extra_trees,100,15,7.62773251914978,7.777092301368714,7.985609614372254,4.929408073425293,8.210247039794922,15,15
CH4_5p8bar_298K_mmolg,geometry_plus_racs,random,extra_trees,200,7,7.515958247184753,7.545357582092286,8.062903684616089,7.416449069976807,8.503049850463867,7,7
CH4_5p8bar_298K_mmolg,geometry_plus_racs,random,extra_trees,500,305,7.366018655776977,7.538057125091552,8.805026054382324,4.293036937713623,9.61281394958496,305,305
CH4_5p8bar_298K_mmolg,geometry_plus_racs,random,extra_trees,1000,441,7.245604337692261,7.415163993835449,8.504517629623413,5.315008163452148,9.463134765625,441,441
CH4_5p8bar_298K_mmolg,geometry_plus_racs,random,hgb,500,625,7.288214649331295,7.454507550974381,8.056331424677479,5.370687961578369,9.606939315795898,625,625
CH4_5p8bar_298K_mmolg,geometry_plus_racs,random,hgb,1000,1115,7.145683057824395,7.433220981017167,8.029716295172392,5.508634090423584,9.606939315795898,1115,1115
CH4_5p8bar_298K_mmolg,geometry_plus_racs,random,lightgbm,100,61,7.700888899964929,7.824253106703706,8.087284406661164,6.120359897613525,9.447748184204102,61,61
CH4_5p8bar_298K_mmolg,geometry_plus_racs,random,lightgbm,200,297,7.3817125618522175,7.511425287164172,8.092855145922892,5.078042984008789,9.606939315795898,297,297
CH4_5p8bar_298K_mmolg,geometry_plus_racs,random,lightgbm,500,1033,7.250333291968384,7.499324999668656,8.472866989773795,4.569838047027588,9.907620429992676,1033,1033
CH4_5p8bar_298K_mmolg,geometry_plus_racs,random,lightgbm,1000,1560,7.080073149450774,7.420098758103572,8.55741669948681,4.758232116699219,9.907620429992676,1560,1560
CH4_5p8bar_298K_mmolg,geometry_plus_racs,random,rf,500,56,7.3517069814735,7.459794478084547,7.634643054005455,6.821631908416748,9.463134765625,56,56
CH4_5p8bar_298K_mmolg,geometry_plus_racs,random,rf,1000,157,7.245770313430213,7.363827162801653,7.738965649656267,5.411471843719482,9.606939315795898,157,157
CH4_5p8bar_298K_mmolg,geometry_plus_racs,random,xgboost,50,20,7.866867,7.892294700000001,8.544128,0.0,8.522719383239746,20,20
CH4_5p8bar_298K_mmolg,geometry_plus_racs,random,xgboost,100,23,7.6395,7.860142,8.046214,6.878060817718506,9.254857063293455,23,23
CH4_5p8bar_298K_mmolg,geometry_plus_racs,random,xgboost,200,142,7.3772163,7.5103941,8.401079,5.238818168640137,9.606939315795898,142,142
CH4_5p8bar_298K_mmolg,geometry_plus_racs,random,xgboost,500,977,7.215472,7.4832764,8.652292,4.569838047027588,9.907620429992676,977,977
CH4_5p8bar_298K_mmolg,geometry_plus_racs,random,xgboost,1000,1638,7.0885677,7.39651395,8.6777935,5.163421154022217,9.907620429992676,1638,1638
CH4_5p8bar_298K_mmolg,geometry_plus_racs,topology_grouped,extra_trees,50,1,8.345629111289979,8.345629111289979,8.345629111289979,4.869088172912598,4.869088172912598,1,1
CH4_5p8bar_298K_mmolg,geometry_plus_racs,topology_grouped,extra_trees,1000,87,7.488964477539063,7.547157606124878,7.951310015678406,2.709151029586792,5.971195220947266,87,87
CH4_5p8bar_298K_mmolg,geometry_plus_racs,topology_grouped,lightgbm,1000,65,7.298207650236161,7.440451067694235,7.572147140087147,2.696950912475586,5.971195220947266,65,65
CH4_5p8bar_298K_mmolg,geometry_plus_racs,topology_grouped,xgboost,200,12,7.665843,7.701447,7.856579,3.854582071304321,4.799105167388916,12,12
CH4_5p8bar_298K_mmolg,geometry_plus_racs,topology_grouped,xgboost,1000,27,7.325188,7.3508534,7.7334766,3.684438943862915,9.606939315795898,27,27
CH4_65bar_298K_mmolg,geometry_only,functional_grouped,extra_trees,20,55,38.30629914855957,39.2944306640625,45.763345664978026,33.20543670654297,49.56386947631836,55,55
CH4_65bar_298K_mmolg,geometry_only,functional_grouped,extra_trees,50,85,37.695098426818845,38.24824678039551,41.27348863220215,36.93117904663086,53.997291564941406,85,85
CH4_65bar_298K_mmolg,geometry_only,functional_grouped,extra_trees,100,70,37.568376808166505,38.08106898880005,38.55426609802246,34.03279495239258,56.39188766479492,70,70
CH4_65bar_298K_mmolg,geometry_only,functional_grouped,extra_trees,200,135,37.47485150337219,39.155430099487305,42.27197560882568,29.81013870239257,54.859840393066406,135,135
CH4_65bar_298K_mmolg,geometry_only,functional_grouped,extra_trees,500,174,36.42462798309326,39.30748154449464,42.990195030212405,30.51834297180176,59.11856460571289,174,174
CH4_65bar_298K_mmolg,geometry_only,functional_grouped,extra_trees,1000,378,36.0817760772705,38.51447559165955,42.76887744140625,32.00957107543945,54.859840393066406,378,378
CH4_65bar_298K_mmolg,geometry_only,functional_grouped,lightgbm,500,46,36.52546373432987,36.52546373432987,36.52546373432987,36.27924728393555,49.56386947631836,46,46
CH4_65bar_298K_mmolg,geometry_only,functional_grouped,lightgbm,1000,289,36.07605338478495,37.06911679425845,39.079370995531846,27.547441482543945,53.997291564941406,289,289
CH4_65bar_298K_mmolg,geometry_only,functional_grouped,rf,500,242,36.4365347541809,36.96405230269963,38.17640035691942,33.464752197265625,56.39188766479492,242,242
CH4_65bar_298K_mmolg,geometry_only,functional_grouped,rf,1000,398,36.1517252833896,37.4639158095269,40.36492799561764,30.51834297180176,56.39188766479492,398,398
CH4_65bar_298K_mmolg,geometry_only,functional_grouped,xgboost,50,436,38.619892,38.95011,44.80378,27.97049331665039,56.39188766479492,436,436
CH4_65bar_298K_mmolg,geometry_only,functional_grouped,xgboost,100,67,37.371513,38.52754,38.578888,31.49489021301269,56.39188766479492,67,67
CH4_65bar_298K_mmolg,geometry_only,functional_grouped,xgboost,200,103,37.18973,39.676353,42.59261,26.727224349975582,54.859840393066406,103,103
CH4_65bar_298K_mmolg,geometry_only,functional_grouped,xgboost,500,295,36.253647,38.505836,45.18108,32.04532241821289,59.4458236694336,295,295
CH4_65bar_298K_mmolg,geometry_only,functional_grouped,xgboost,1000,435,35.945354,37.599365,42.88296,29.81013870239257,56.39188766479492,435,435
CH4_65bar_298K_mmolg,geometry_only,geometry_grouped,extra_trees,100,94,37.735492710113526,38.48006740570068,40.744540893554685,30.266895294189453,63.14580154418945,94,94
CH4_65bar_298K_mmolg,geometry_only,geometry_grouped,extra_trees,200,103,37.249420143127445,38.82895077514648,41.0432191619873,30.434226989746094,56.39188766479492,103,103
CH4_65bar_298K_mmolg,geometry_only,geometry_grouped,extra_trees,500,147,36.81320880126953,39.092511123657225,48.82310760498047,31.668357849121094,63.14580154418945,147,147
CH4_65bar_298K_mmolg,geometry_only,geometry_grouped,extra_trees,1000,554,36.41887344360352,38.141058921813965,46.11096870422363,26.83700942993164,63.14580154418945,554,554
CH4_65bar_298K_mmolg,geometry_only,geometry_grouped,lightgbm,500,9,37.50369061626834,37.64080132833583,37.64080132833583,44.53694534301758,63.14580154418945,9,9
CH4_65bar_298K_mmolg,geometry_only,geometry_grouped,lightgbm,1000,488,36.4462416487909,37.41567026326343,38.33625475342294,25.726991653442383,63.14580154418945,488,488
CH4_65bar_298K_mmolg,geometry_only,geometry_grouped,rf,500,169,36.97703343685141,38.67241706995224,40.567735268815525,28.198057174682617,53.997291564941406,169,169
CH4_65bar_298K_mmolg,geometry_only,geometry_grouped,rf,1000,390,36.5362056853051,37.746572781310704,41.39904497388204,26.83700942993164,63.14580154418945,390,390
CH4_65bar_298K_mmolg,geometry_only,geometry_grouped,xgboost,100,270,37.42287,38.906754,40.259533,27.061260223388672,63.14580154418945,270,270
CH4_65bar_298K_mmolg,geometry_only,geometry_grouped,xgboost,200,12,40.03796,40.75369,40.979755,42.68525695800781,54.859840393066406,12,12
CH4_65bar_298K_mmolg,geometry_only,geometry_grouped,xgboost,500,492,36.68847,42.6673615,49.527992,27.46951675415039,63.14580154418945,492,492
CH4_65bar_298K_mmolg,geometry_only,geometry_grouped,xgboost,1000,971,36.18899,38.022102,45.57158,26.83700942993164,63.14580154418945,971,971
CH4_65bar_298K_mmolg,geometry_only,ligand_grouped,extra_trees,200,195,37.33383939170837,38.488138946533205,41.57402038574219,28.163742065429688,56.39188766479492,195,195
CH4_65bar_298K_mmolg,geometry_only,ligand_grouped,extra_trees,500,400,36.6933271484375,38.10799193954468,41.98155380439759,28.163742065429688,63.14580154418945,400,400
CH4_65bar_298K_mmolg,geometry_only,ligand_grouped,extra_trees,1000,92,36.645704627990725,37.93290375518799,44.69272515869141,34.15631103515625,56.39188766479492,92,92
CH4_65bar_298K_mmolg,geometry_only,ligand_grouped,lightgbm,1000,19,36.53249114448968,37.402945620578485,37.6180412667192,40.53028106689453,56.39188766479492,19,19
CH4_65bar_298K_mmolg,geometry_only,ligand_grouped,rf,500,27,36.97123895411941,37.004776559150734,37.162858543797846,36.50581741333008,52.33131790161133,27,27
CH4_65bar_298K_mmolg,geometry_only,ligand_grouped,rf,1000,74,36.84902413299616,37.25899588349171,37.51164224546941,34.65275955200195,56.39188766479492,74,74
CH4_65bar_298K_mmolg,geometry_only,ligand_grouped,xgboost,100,17,37.67015,37.918144,38.365448,28.163742065429688,46.40524673461914,17,17
CH4_65bar_298K_mmolg,geometry_only,ligand_grouped,xgboost,200,390,37.251026,39.151684,41.507046,28.163742065429688,59.4458236694336,390,390
CH4_65bar_298K_mmolg,geometry_only,ligand_grouped,xgboost,500,517,36.63669,37.663914,42.21539,26.84466552734375,63.14580154418945,517,517
CH4_65bar_298K_mmolg,geometry_only,ligand_grouped,xgboost,1000,441,36.278206,37.061638,46.126205,30.628456115722656,63.14580154418945,441,441
CH4_65bar_298K_mmolg,geometry_only,metal_grouped,extra_trees,200,251,36.44096877288818,37.78178173065186,41.90870574951172,29.06096267700196,56.39188766479492,251,251
CH4_65bar_298K_mmolg,geometry_only,metal_grouped,extra_trees,500,333,35.98025054931641,37.623295944213865,42.95320408439636,27.03913307189941,63.14580154418945,333,333
CH4_65bar_298K_mmolg,geometry_only,metal_grouped,extra_trees,1000,818,35.65382717895508,37.8280314450264,43.415648971557616,27.891908645629883,63.14580154418945,818,818
CH4_65bar_298K_mmolg,geometry_only,metal_grouped,lightgbm,500,13,36.41495460014567,36.669215721446136,37.07767838403269,28.0621337890625,42.19678115844727,13,13
CH4_65bar_298K_mmolg,geometry_only,metal_grouped,lightgbm,1000,190,36.31815004847729,37.59351005810122,37.59351005810122,31.36124610900879,63.14580154418945,190,190
CH4_65bar_298K_mmolg,geometry_only,metal_grouped,rf,500,312,36.05009639544411,36.52295943867518,38.76621379764042,27.05517578125,56.39188766479492,312,312
CH4_65bar_298K_mmolg,geometry_only,metal_grouped,rf,1000,404,36.57373881007719,38.10142773603503,39.37959583029767,28.54874610900879,63.14580154418945,404,404
CH4_65bar_298K_mmolg,geometry_only,metal_grouped,xgboost,50,93,36.73194,37.433647,37.470222,27.03913307189941,63.14580154418945,93,93
CH4_65bar_298K_mmolg,geometry_only,metal_grouped,xgboost,200,111,36.56629,39.583138,40.16051,30.49964904785156,63.14580154418945,111,111
CH4_65bar_298K_mmolg,geometry_only,metal_grouped,xgboost,500,463,36.260887,36.839054,43.370308,26.95418739318848,63.14580154418945,463,463
CH4_65bar_298K_mmolg,geometry_only,metal_grouped,xgboost,1000,733,35.59712,38.59193,44.781265,27.830415725708008,63.14580154418945,733,733
CH4_65bar_298K_mmolg,geometry_only,random,extra_trees,50,86,38.16520253753662,39.03898753738403,42.79540242767334,27.25782585144043,63.14580154418945,86,86
CH4_65bar_298K_mmolg,geometry_only,random,extra_trees,100,169,37.86411626434326,39.94781192779541,42.21143963623047,27.655635833740234,53.34031677246094,169,169
CH4_65bar_298K_mmolg,geometry_only,random,extra_trees,200,130,37.29250260162353,37.96798864746094,39.02478005218506,30.204858779907227,52.52501678466797,130,130
CH4_65bar_298K_mmolg,geometry_only,random,extra_trees,500,219,36.79283548736572,38.19954782867432,42.540616264343264,29.06096267700196,59.11856460571289,219,219
CH4_65bar_298K_mmolg,geometry_only,random,extra_trees,1000,393,36.36943650817871,38.60864465332031,45.37067143249512,26.573728561401367,63.14580154418945,393,393
CH4_65bar_298K_mmolg,geometry_only,random,hgb,1000,510,36.57368254818241,36.84263229699106,37.80698026113422,26.035873413085938,59.11856460571289,510,510
CH4_65bar_298K_mmolg,geometry_only,random,lightgbm,500,13,36.8739607355661,36.8739607355661,36.8739607355661,30.60994911193848,42.78240585327149,13,13
CH4_65bar_298K_mmolg,geometry_only,random,lightgbm,1000,502,36.39248309713481,36.99751808186115,42.0177823879875,26.52558898925781,53.997291564941406,502,502
CH4_65bar_298K_mmolg,geometry_only,random,rf,100,76,38.0183108169071,38.67901210500322,39.24011555870297,29.06096267700196,53.34031677246094,76,76
CH4_65bar_298K_mmolg,geometry_only,random,rf,500,146,36.88804191680182,38.418751550088615,38.91473714219957,27.05517578125,53.34031677246094,146,146
CH4_65bar_298K_mmolg,geometry_only,random,rf,1000,392,36.398007304770736,37.75282878173193,43.22980877370682,25.826017379760746,53.34031677246094,392,392
CH4_65bar_298K_mmolg,geometry_only,random,xgboost,50,400,38.720684,40.45506,43.46424,26.611995697021484,63.14580154418945,400,400
CH4_65bar_298K_mmolg,geometry_only,random,xgboost,200,15,36.989876,37.014168,38.89499,36.33687973022461,47.96728515625,15,15
CH4_65bar_298K_mmolg,geometry_only,random,xgboost,500,360,36.50479,37.7795655,42.877712,27.655635833740234,53.34031677246094,360,360
CH4_65bar_298K_mmolg,geometry_only,random,xgboost,1000,790,36.143063,38.5109445,46.646454,27.05517578125,59.11856460571289,790,790
CH4_65bar_298K_mmolg,geometry_only,topology_grouped,extra_trees,10,14,39.87157316589356,40.48958879852295,41.188977920532224,31.46372032165528,51.59889602661133,14,14
CH4_65bar_298K_mmolg,geometry_only,topology_grouped,extra_trees,500,25,37.26477126312256,38.03191043663025,39.56891854763031,27.891908645629883,54.859840393066406,25,25
CH4_65bar_298K_mmolg,geometry_only,topology_grouped,extra_trees,1000,307,36.30749589157104,40.2191392364502,47.38007530212403,26.865100860595703,63.14580154418945,307,307
CH4_65bar_298K_mmolg,geometry_only,topology_grouped,lightgbm,1000,69,36.27716923705896,37.35295684936047,38.27242273193059,32.37820053100586,63.14580154418945,69,69
CH4_65bar_298K_mmolg,geometry_only,topology_grouped,rf,1000,327,36.25348132521612,37.96671321628661,42.8830672982926,27.891908645629883,63.14580154418945,327,327
CH4_65bar_298K_mmolg,geometry_only,topology_grouped,xgboost,500,72,36.242188,37.8974585,41.081856,27.220991134643555,54.859840393066406,72,72
CH4_65bar_298K_mmolg,geometry_only,topology_grouped,xgboost,1000,589,36.036144,39.694984,47.255867,24.81238555908203,63.14580154418945,589,589
CH4_65bar_298K_mmolg,geometry_plus_racs,functional_grouped,extra_trees,20,5,42.45948708343506,45.38176017189026,46.48876284790039,30.51834297180176,43.11309051513672,5,5
CH4_65bar_298K_mmolg,geometry_plus_racs,functional_grouped,extra_trees,200,17,38.536377212524414,38.86682509613037,39.570512237548826,41.01823043823242,52.33131790161133,17,17
CH4_65bar_298K_mmolg,geometry_plus_racs,functional_grouped,extra_trees,500,61,36.9228373260498,37.96048194503784,41.91492443847656,34.93625259399414,48.74247360229492,61,61
CH4_65bar_298K_mmolg,geometry_plus_racs,functional_grouped,extra_trees,1000,202,36.38990398406983,37.49595952987672,41.27783894348145,28.529762268066406,56.39188766479492,202,202
CH4_65bar_298K_mmolg,geometry_plus_racs,functional_grouped,hgb,1000,100,35.64036694881029,35.808585406785326,35.999635374814225,33.4531135559082,49.56386947631836,100,100
CH4_65bar_298K_mmolg,geometry_plus_racs,functional_grouped,lightgbm,500,28,35.855530648866726,36.4519346731719,36.79787247620393,34.727020263671875,49.56386947631836,28,28
CH4_65bar_298K_mmolg,geometry_plus_racs,functional_grouped,lightgbm,1000,359,35.4085948616471,36.66460759903949,39.58163271562251,27.547441482543945,54.859840393066406,359,359
CH4_65bar_298K_mmolg,geometry_plus_racs,functional_grouped,rf,1000,58,36.26111783203852,37.33262313644772,38.46110074674514,32.955650329589844,48.74247360229492,58,58
CH4_65bar_298K_mmolg,geometry_plus_racs,functional_grouped,xgboost,50,191,38.270844,38.502625,44.734432,27.24851417541504,49.56386947631836,191,191
CH4_65bar_298K_mmolg,geometry_plus_racs,functional_grouped,xgboost,100,22,36.988857,38.216961,38.527195,33.471675872802734,56.39188766479492,22,22
CH4_65bar_298K_mmolg,geometry_plus_racs,functional_grouped,xgboost,200,256,36.693096,38.645931,42.258976,27.97049331665039,52.33131790161133,256,256
CH4_65bar_298K_mmolg,geometry_plus_racs,functional_grouped,xgboost,500,335,35.84675,37.461456,42.19209,32.23537063598633,59.4458236694336,335,335
CH4_65bar_298K_mmolg,geometry_plus_racs,functional_grouped,xgboost,1000,564,35.32307,37.540136,42.33806,32.241554260253906,56.39188766479492,564,564
CH4_65bar_298K_mmolg,geometry_plus_racs,geometry_grouped,extra_trees,100,5,38.72838884735108,39.212842067718505,40.270944141387936,40.68454360961914,48.6953353881836,5,5
CH4_65bar_298K_mmolg,geometry_plus_racs,geometry_grouped,extra_trees,200,9,38.09796282196045,39.35164868164063,40.24119552612305,36.78375244140625,48.38120269775391,9,9
CH4_65bar_298K_mmolg,geometry_plus_racs,geometry_grouped,extra_trees,500,95,37.377114807128905,38.81995922851563,49.791019912719726,24.29724884033203,63.14580154418945,95,95
CH4_65bar_298K_mmolg,geometry_plus_racs,geometry_grouped,extra_trees,1000,205,36.49456827545166,37.74276560974121,44.32790657329559,32.775230407714844,63.14580154418945,205,205
CH4_65bar_298K_mmolg,geometry_plus_racs,geometry_grouped,hgb,1000,44,36.011663308660665,36.14395908450833,36.14395908450833,33.91775894165039,56.39188766479492,44,44
CH4_65bar_298K_mmolg,geometry_plus_racs,geometry_grouped,lightgbm,500,3,36.363794889363376,37.03452121333375,37.52861693774291,34.9828987121582,45.978782653808594,3,3
CH4_65bar_298K_mmolg,geometry_plus_racs,geometry_grouped,lightgbm,1000,205,35.68226610285508,36.94307949680725,39.04064336147159,29.301328659057617,63.14580154418945,205,205
CH4_65bar_298K_mmolg,geometry_plus_racs,geometry_grouped,rf,500,1,37.68613010861532,37.68613010861532,37.68613010861532,59.11856460571289,59.11856460571289,1,1
CH4_65bar_298K_mmolg,geometry_plus_racs,geometry_grouped,rf,1000,79,36.40145343397231,36.96980195119948,38.757272960191415,35.91727066040039,63.14580154418945,79,79
CH4_65bar_298K_mmolg,geometry_plus_racs,geometry_grouped,xgboost,100,436,37.524677,38.9075075,40.903492,26.428939819335938,63.14580154418945,436,436
CH4_65bar_298K_mmolg,geometry_plus_racs,geometry_grouped,xgboost,200,87,36.354572,36.955055,40.998165,32.17369079589844,50.59585952758789,87,87
CH4_65bar_298K_mmolg,geometry_plus_racs,geometry_grouped,xgboost,500,384,36.10868,39.782575,49.75667,27.304676055908203,63.14580154418945,384,384
CH4_65bar_298K_mmolg,geometry_plus_racs,geometry_grouped,xgboost,1000,701,35.456783,37.234776,45.717472,32.17369079589844,63.14580154418945,701,701
CH4_65bar_298K_mmolg,geometry_plus_racs,ligand_grouped,extra_trees,200,11,38.2243037033081,39.719921257019045,40.34489870452881,40.28904342651367,46.44218826293945,11,11
CH4_65bar_298K_mmolg,geometry_plus_racs,ligand_grouped,extra_trees,500,20,37.007862859725954,38.02684257888794,40.19160144805908,36.02861022949219,56.39188766479492,20,20
CH4_65bar_298K_mmolg,geometry_plus_racs,ligand_grouped,extra_trees,1000,7,37.25928538513183,38.23219884490967,39.101544921875,39.50844192504883,42.8804817199707,7,7
CH4_65bar_298K_mmolg,geometry_plus_racs,ligand_grouped,lightgbm,500,10,36.31975793982738,36.67471259192018,36.754468989862815,35.0606575012207,49.56386947631836,10,10
CH4_65bar_298K_mmolg,geometry_plus_racs,ligand_grouped,lightgbm,1000,97,35.75231851598406,36.497111570754,38.04551898720524,30.049705505371094,56.39188766479492,97,97
CH4_65bar_298K_mmolg,geometry_plus_racs,ligand_grouped,xgboost,200,140,36.56685,38.892636,41.56437,30.45583724975586,59.4458236694336,140,140
CH4_65bar_298K_mmolg,geometry_plus_racs,ligand_grouped,xgboost,500,554,35.88447,37.882189,42.57737,27.655635833740234,63.14580154418945,554,554
CH4_65bar_298K_mmolg,geometry_plus_racs,ligand_grouped,xgboost,1000,380,35.489704,36.4461005,45.23566,32.79838943481445,63.14580154418945,380,380
CH4_65bar_298K_mmolg,geometry_plus_racs,metal_grouped,extra_trees,500,5,36.93092373943329,37.38308287143708,37.59124965667725,41.28105926513672,63.14580154418945,5,5
CH4_65bar_298K_mmolg,geometry_plus_racs,metal_grouped,extra_trees,1000,2,36.847078411102295,36.91006384277344,36.97304927444458,38.15655517578125,39.7044677734375,2,2
CH4_65bar_298K_mmolg,geometry_plus_racs,metal_grouped,lightgbm,500,49,35.90999423348976,36.76829049656513,38.07771911110643,31.56404495239257,49.74586486816406,49,49
CH4_65bar_298K_mmolg,geometry_plus_racs,metal_grouped,lightgbm,1000,99,35.590963310023014,36.49687397527133,37.04434036665788,31.36124610900879,51.99475860595703,99,99
CH4_65bar_298K_mmolg,geometry_plus_racs,metal_grouped,xgboost,50,93,36.54229,37.261803,37.669018,27.03913307189941,63.14580154418945,93,93
CH4_65bar_298K_mmolg,geometry_plus_racs,metal_grouped,xgboost,200,113,36.49757,39.40279,40.096653,30.49964904785156,63.14580154418945,113,113
CH4_65bar_298K_mmolg,geometry_plus_racs,metal_grouped,xgboost,500,487,35.747753,36.288177,43.285397,29.06096267700196,63.14580154418945,487,487
CH4_65bar_298K_mmolg,geometry_plus_racs,metal_grouped,xgboost,1000,379,35.43099,37.925243,43.3316,28.16143035888672,56.39188766479492,379,379
CH4_65bar_298K_mmolg,geometry_plus_racs,random,extra_trees,50,2,39.92698084259033,40.03582123565674,40.14466162872314,44.362247467041016,63.14580154418945,2,2
CH4_65bar_298K_mmolg,geometry_plus_racs,random,extra_trees,500,19,37.05439436340332,37.691937370300295,39.27428421020508,36.89555740356445,53.34031677246094,19,19
CH4_65bar_298K_mmolg,geometry_plus_racs,random,extra_trees,1000,230,36.55546845245361,38.2863440914154,45.97180218505859,30.234622955322266,56.39188766479492,230,230
CH4_65bar_298K_mmolg,geometry_plus_racs,random,hgb,1000,201,35.88588940536096,36.59010700020991,37.6865847045068,26.035873413085938,52.52501678466797,201,201
CH4_65bar_298K_mmolg,geometry_plus_racs,random,lightgbm,500,56,36.17768231426741,36.479099453255394,37.257529989640496,33.89275360107422,47.87704086303711,56,56
CH4_65bar_298K_mmolg,geometry_plus_racs,random,lightgbm,1000,738,35.584969017373226,36.61005131618794,42.27653887921421,26.52558898925781,59.11856460571289,738,738
CH4_65bar_298K_mmolg,geometry_plus_racs,random,rf,1000,124,36.444918658283775,37.81175388247324,42.03175328780885,32.19413375854492,53.997291564941406,124,124
CH4_65bar_298K_mmolg,geometry_plus_racs,random,xgboost,50,400,40.314564,41.350072,43.627293,26.611995697021484,63.14580154418945,400,400
CH4_65bar_298K_mmolg,geometry_plus_racs,random,xgboost,100,401,36.892975,39.150417,43.129894,27.655635833740234,53.34031677246094,401,401
CH4_65bar_298K_mmolg,geometry_plus_racs,random,xgboost,200,80,36.448162,37.604698,39.11536,33.38538360595703,52.52501678466797,80,80
CH4_65bar_298K_mmolg,geometry_plus_racs,random,xgboost,500,614,35.87614,36.620485,43.426163,26.9182186126709,63.14580154418945,614,614
CH4_65bar_298K_mmolg,geometry_plus_racs,random,xgboost,1000,601,35.396328,37.41389,44.483234,27.05517578125,63.14580154418945,601,601
CH4_65bar_298K_mmolg,geometry_plus_racs,topology_grouped,extra_trees,1000,84,37.12146314239502,38.65835319709778,46.844713386535645,31.087526321411133,52.09921646118164,84,84
CH4_65bar_298K_mmolg,geometry_plus_racs,topology_grouped,lightgbm,1000,347,36.083769743143,37.59765796806798,40.70373072010005,31.46372032165528,63.14580154418945,347,347
CH4_65bar_298K_mmolg,geometry_plus_racs,topology_grouped,rf,1000,12,37.96125682677012,39.03370330248608,40.55514488794842,39.44815444946289,51.59889602661133,12,12
CH4_65bar_298K_mmolg,geometry_plus_racs,topology_grouped,xgboost,10,5,40.981464,41.227882,41.233616,36.13279342651367,44.19533157348633,5,5
CH4_65bar_298K_mmolg,geometry_plus_racs,topology_grouped,xgboost,500,24,36.15257,37.506338,40.191933,36.684349060058594,54.859840393066406,24,24
CH4_65bar_298K_mmolg,geometry_plus_racs,topology_grouped,xgboost,1000,760,35.916046,38.623259,46.048737,27.655635833740234,63.14580154418945,760,760
CO2_0p015bar_298K_mmolg,geometry_only,functional_grouped,extra_trees,20,359,1.9067555451393128,2.084503150939941,2.158377683699131,0.0071870000101625,4.12925386428833,359,359
CO2_0p015bar_298K_mmolg,geometry_only,functional_grouped,extra_trees,50,148,1.784100810483098,2.119453509613872,3.7014313430935135,0.0411799997091293,4.385677814483643,148,148
CO2_0p015bar_298K_mmolg,geometry_only,functional_grouped,extra_trees,100,4,1.908514757633209,1.9165391882658005,1.936169030666352,0.1079579964280128,1.01631498336792,4,4
CO2_0p015bar_298K_mmolg,geometry_only,functional_grouped,extra_trees,200,148,1.6837235036492348,2.2109473470151424,3.242463252604008,0.0342979989945888,3.3711628913879395,148,148
CO2_0p015bar_298K_mmolg,geometry_only,functional_grouped,extra_trees,500,100,1.6061867135763168,1.8749570178687571,2.9867451396882534,0.0071870000101625,4.175180912017822,100,100
CO2_0p015bar_298K_mmolg,geometry_only,functional_grouped,extra_trees,1000,235,1.5718691213782876,2.1515513180196284,4.776746990442276,0.0093529997393488,4.533134937286377,235,235
CO2_0p015bar_298K_mmolg,geometry_only,functional_grouped,lightgbm,1000,141,1.6681837718346073,2.0687683324293773,2.241662114768891,0.0458309985697269,4.533134937286377,141,141
CO2_0p015bar_298K_mmolg,geometry_only,functional_grouped,rf,50,21,1.9301224759450053,1.951898384461495,1.9991632987968408,0.0621239989995956,4.385677814483643,21,21
CO2_0p015bar_298K_mmolg,geometry_only,functional_grouped,rf,1000,123,1.616860983391058,1.856345604514223,2.121122365814589,0.0243110004812479,4.385677814483643,123,123
CO2_0p015bar_298K_mmolg,geometry_only,functional_grouped,xgboost,50,142,1.7863599,2.1143697,4.5353756,0.0411799997091293,2.284661054611206,142,142
CO2_0p015bar_298K_mmolg,geometry_only,functional_grouped,xgboost,100,8,1.97227,1.9889629,2.0006752,0.139517992734909,2.636590003967285,8,8
CO2_0p015bar_298K_mmolg,geometry_only,functional_grouped,xgboost,200,154,1.743315,3.5487673,3.6293519,0.0342979989945888,3.3711628913879395,154,154
CO2_0p015bar_298K_mmolg,geometry_only,functional_grouped,xgboost,500,52,1.6444187,1.94314975,2.6376677,0.0312120001763105,4.755640983581543,52,52
CO2_0p015bar_298K_mmolg,geometry_only,functional_grouped,xgboost,1000,304,1.6043044,2.4285935,4.827166,0.0,4.533134937286377,304,304
CO2_0p015bar_298K_mmolg,geometry_only,geometry_grouped,extra_trees,20,78,2.1841051889806984,2.254787511728704,2.3800167911797763,0.1318829953670501,4.68290901184082,78,78
CO2_0p015bar_298K_mmolg,geometry_only,geometry_grouped,extra_trees,50,208,1.7579375504851342,1.9870385882928965,4.587263132750988,0.0198410004377365,4.901337146759033,208,208
CO2_0p015bar_298K_mmolg,geometry_only,geometry_grouped,extra_trees,100,84,1.6192949459552766,1.6829825091958046,1.8210594079401343,0.0349499993026256,4.052585124969482,84,84
CO2_0p015bar_298K_mmolg,geometry_only,geometry_grouped,extra_trees,200,20,1.6357307157814502,1.916353670440614,2.0991225669384,0.0778350010514259,2.815675973892212,20,20
CO2_0p015bar_298K_mmolg,geometry_only,geometry_grouped,extra_trees,500,171,1.7105255407691002,2.1000418940782546,3.9975272248387337,0.0107690002769231,5.870989799499512,171,171
CO2_0p015bar_298K_mmolg,geometry_only,geometry_grouped,extra_trees,1000,134,1.647579916059971,2.053049519583583,4.5766812195777895,0.0272909998893737,4.54147481918335,134,134
CO2_0p015bar_298K_mmolg,geometry_only,geometry_grouped,lightgbm,500,48,2.0048138595327774,2.140128659272348,2.236622524743455,0.0460299998521804,4.052585124969482,48,48
CO2_0p015bar_298K_mmolg,geometry_only,geometry_grouped,lightgbm,1000,26,1.7636616062916914,1.851343744210701,1.9872299613505413,0.0346250012516975,3.969702005386353,26,26
CO2_0p015bar_298K_mmolg,geometry_only,geometry_grouped,rf,50,349,2.260837125064279,2.342260704937281,2.6266421444292862,0.0027270000427961,3.999530076980591,349,349
CO2_0p015bar_298K_mmolg,geometry_only,geometry_grouped,rf,500,61,1.7386038317965602,1.855197443165966,2.0383407995198444,0.0457829982042312,4.052585124969482,61,61
CO2_0p015bar_298K_mmolg,geometry_only,geometry_grouped,rf,1000,59,1.7813973906916525,2.428103369107061,3.1063859010601025,0.0457829982042312,4.052585124969482,59,59
CO2_0p015bar_298K_mmolg,geometry_only,geometry_grouped,xgboost,20,400,2.0035298,2.0641358,2.4953892,0.0444310009479522,4.68290901184082,400,400
CO2_0p015bar_298K_mmolg,geometry_only,geometry_grouped,xgboost,50,759,2.917825,2.924525,3.9901335,0.0,4.0099778175354,759,759
CO2_0p015bar_298K_mmolg,geometry_only,geometry_grouped,xgboost,100,61,1.6786255,1.783797,2.0610352,0.0208449997007846,2.881779909133911,61,61
CO2_0p015bar_298K_mmolg,geometry_only,geometry_grouped,xgboost,200,49,1.8045554,2.4739215,3.1037061,0.0295700002461671,1.2620309591293335,49,49
CO2_0p015bar_298K_mmolg,geometry_only,geometry_grouped,xgboost,500,300,1.6180199,3.1947784500000003,4.52739,0.0115360002964735,6.919467926025391,300,300
CO2_0p015bar_298K_mmolg,geometry_only,geometry_grouped,xgboost,1000,298,1.6975024,1.95617675,3.7912667,0.0027270000427961,4.54147481918335,298,298
CO2_0p015bar_298K_mmolg,geometry_only,ligand_grouped,extra_trees,100,469,1.912012702971697,2.331342296928167,3.998887760877609,0.0248939990997314,3.516695976257324,469,469
CO2_0p015bar_298K_mmolg,geometry_only,ligand_grouped,extra_trees,200,184,1.77555019313097,1.932406709134579,2.115140235900879,0.031072000041604,4.899861812591553,184,184
CO2_0p015bar_298K_mmolg,geometry_only,ligand_grouped,extra_trees,500,499,1.7101405630856752,2.358808005489409,4.440701477214694,0.0272909998893737,3.520324945449829,499,499
CO2_0p015bar_298K_mmolg,geometry_only,ligand_grouped,extra_trees,1000,120,1.6185190508961678,1.853661552280188,4.398195222795009,0.0551880002021789,2.5298359394073486,120,120
CO2_0p015bar_298K_mmolg,geometry_only,ligand_grouped,hgb,1000,16,1.6662144889197528,1.7020514082314562,1.7107187594059234,0.0608079992234706,2.57339096069336,16,16
CO2_0p015bar_298K_mmolg,geometry_only,ligand_grouped,lightgbm,500,13,1.936867804380651,1.9784761377434048,2.245365928475504,0.1063269972801208,1.9489059448242188,13,13
CO2_0p015bar_298K_mmolg,geometry_only,ligand_grouped,lightgbm,1000,21,1.7797315078669165,1.899894517269325,2.2422817633320915,0.0404810011386871,3.567552089691162,21,21
CO2_0p015bar_298K_mmolg,geometry_only,ligand_grouped,rf,100,400,2.1652055216140456,2.190972503741913,2.272229300882253,0.0297759994864463,6.2064409255981445,400,400
CO2_0p015bar_298K_mmolg,geometry_only,ligand_grouped,rf,200,1,1.7290502253263238,1.7290502253263238,1.7290502253263238,0.9494689702987672,0.9494689702987672,1,1
CO2_0p015bar_298K_mmolg,geometry_only,ligand_grouped,rf,500,315,1.7529674657214254,2.055429345218624,2.3138043223686173,0.031072000041604,4.372959136962891,315,315
CO2_0p015bar_298K_mmolg,geometry_only,ligand_grouped,rf,1000,9,1.6639389973117928,1.7128918367290795,1.7860041270849951,0.0580799989402294,0.8074759840965271,9,9
CO2_0p015bar_298K_mmolg,geometry_only,ligand_grouped,xgboost,100,557,1.7876279,3.5612879,5.4649944,0.0,6.2064409255981445,557,557
CO2_0p015bar_298K_mmolg,geometry_only,ligand_grouped,xgboost,200,153,1.7818135,1.8996307,2.5831735,0.0144440000876784,3.5465359687805176,153,153
CO2_0p015bar_298K_mmolg,geometry_only,ligand_grouped,xgboost,500,711,1.7702754,3.2910638,4.6002584,0.0,4.899861812591553,711,711
CO2_0p015bar_298K_mmolg,geometry_only,ligand_grouped,xgboost,1000,169,1.7259738,1.9218994,4.1600504,0.026732999831438,3.697009086608887,169,169
CO2_0p015bar_298K_mmolg,geometry_only,metal_grouped,extra_trees,50,1,1.892653090804816,1.892653090804816,1.892653090804816,0.1118730008602142,0.1118730008602142,1,1
CO2_0p015bar_298K_mmolg,geometry_only,metal_grouped,extra_trees,100,198,1.4262375320792198,1.661032829836011,2.2879100743830203,0.0278409998863935,2.147041082382202,198,198
CO2_0p015bar_298K_mmolg,geometry_only,metal_grouped,extra_trees,200,27,1.8169468517303464,1.888007454276085,1.9999365183115003,0.0167810004204511,1.489935040473938,27,27
CO2_0p015bar_298K_mmolg,geometry_only,metal_grouped,extra_trees,500,31,1.71291611880064,2.167230455391109,4.262279543638229,0.031072000041604,5.870989799499512,31,31
CO2_0p015bar_298K_mmolg,geometry_only,metal_grouped,extra_trees,1000,85,1.4973953907638788,1.7840100509226322,4.322131986036896,0.0172279998660087,3.969702005386353,85,85
CO2_0p015bar_298K_mmolg,geometry_only,metal_grouped,hgb,1000,3,2.010726264773347,2.015815536842474,2.015815536842474,0.7688419818878174,0.8765190243721008,3,3
CO2_0p015bar_298K_mmolg,geometry_only,metal_grouped,lightgbm,500,3,1.9174488902960067,1.9174488902960067,1.985404600532876,0.3397659957408905,1.503175973892212,3,3
CO2_0p015bar_298K_mmolg,geometry_only,metal_grouped,lightgbm,1000,155,1.745162658138555,2.2158700030738525,3.7274437250414,0.0149020003154873,3.969702005386353,155,155
CO2_0p015bar_298K_mmolg,geometry_only,metal_grouped,rf,500,4,1.745797015081323,1.7580333635970948,2.0346512198466447,0.139517992734909,0.3827910125255584,4,4
CO2_0p015bar_298K_mmolg,geometry_only,metal_grouped,rf,1000,17,1.88791497617384,2.055234240219571,2.257298487688245,0.0752200037240982,2.1266870498657227,17,17
CO2_0p015bar_298K_mmolg,geometry_only,metal_grouped,xgboost,50,419,2.2069743,2.912103,3.431489,0.0,4.002863883972168,419,419
CO2_0p015bar_298K_mmolg,geometry_only,metal_grouped,xgboost,100,354,1.6231465,1.72133125,2.5726137,0.0328349992632865,5.1756272315979,354,354
CO2_0p015bar_298K_mmolg,geometry_only,metal_grouped,xgboost,200,257,1.6601524,1.9001899,2.3634937,0.0134279998019337,4.385677814483643,257,257
CO2_0p015bar_298K_mmolg,geometry_only,metal_grouped,xgboost,500,296,1.7241503,2.3701017,4.2746253,0.0200520008802413,6.048011779785156,296,296
CO2_0p015bar_298K_mmolg,geometry_only,metal_grouped,xgboost,1000,439,1.6747019,2.2360535,3.8039968,0.0,6.32749605178833,439,439
CO2_0p015bar_298K_mmolg,geometry_only,random,extra_trees,20,11,1.80825532835722,1.847415771186352,1.9829882218241688,0.0731030032038688,1.3114140033721924,11,11
CO2_0p015bar_298K_mmolg,geometry_only,random,extra_trees,50,1,2.157681710720062,2.157681710720062,2.157681710720062,0.3652899861335754,0.3652899861335754,1,1
CO2_0p015bar_298K_mmolg,geometry_only,random,extra_trees,100,30,1.7998624619841577,2.0196548580229283,2.209663091376424,0.0589100010693073,2.2285149097442627,30,30
CO2_0p015bar_298K_mmolg,geometry_only,random,extra_trees,200,181,1.737031266450882,1.9130162604749203,2.490869109399617,0.0,4.466725826263428,181,181
CO2_0p015bar_298K_mmolg,geometry_only,random,extra_trees,500,66,1.525078491408378,1.8201212632153183,1.99928376698494,0.0202590003609657,4.1823320388793945,66,66
CO2_0p015bar_298K_mmolg,geometry_only,random,extra_trees,1000,136,1.6773855730295182,2.034774927020073,4.631822109222412,0.0,4.814530849456787,136,136
CO2_0p015bar_298K_mmolg,geometry_only,random,lightgbm,1000,63,1.72924179486441,1.843219777746634,1.9531655783164483,0.0,3.3205230236053467,63,63
CO2_0p015bar_298K_mmolg,geometry_only,random,rf,200,5,1.7592482171260757,1.7763479790097414,1.7900333205276884,0.1964800059795379,0.5297279953956604,5,5
CO2_0p015bar_298K_mmolg,geometry_only,random,rf,1000,11,1.715599770941029,1.825146328620577,1.994458885095552,0.0474239997565746,4.814530849456787,11,11
CO2_0p015bar_298K_mmolg,geometry_only,random,xgboost,20,134,1.6590848,1.998048,2.1701326,0.0492990016937255,4.901337146759033,134,134
CO2_0p015bar_298K_mmolg,geometry_only,random,xgboost,50,186,2.050111,2.1594001,2.3288226,0.0,3.1141839027404785,186,186
CO2_0p015bar_298K_mmolg,geometry_only,random,xgboost,100,64,1.8009931,1.9645914,1.9988338,0.0460299998521804,2.603519916534424,64,64
CO2_0p015bar_298K_mmolg,geometry_only,random,xgboost,200,85,1.7460327,1.9241658,2.2955766,0.0463620014488697,4.466725826263428,85,85
CO2_0p015bar_298K_mmolg,geometry_only,random,xgboost,500,261,1.753635,2.3601604,2.7061145,0.0272909998893737,4.8863701820373535,261,261
CO2_0p015bar_298K_mmolg,geometry_only,random,xgboost,1000,234,1.687423,1.9506155,3.6598153,0.0,4.54147481918335,234,234
CO2_0p015bar_298K_mmolg,geometry_only,topology_grouped,extra_trees,200,415,1.9306817990988487,2.3634503090381624,3.197542281389236,0.0511399991810321,4.755640983581543,415,415
CO2_0p015bar_298K_mmolg,geometry_only,topology_grouped,extra_trees,500,1,3.993541130125523,3.993541130125523,3.993541130125523,0.3253459930419922,0.3253459930419922,1,1
CO2_0p015bar_298K_mmolg,geometry_only,topology_grouped,extra_trees,1000,28,2.127433294638992,2.197912437170744,2.85689003559947,0.042077001184225,2.9985759258270264,28,28
CO2_0p015bar_298K_mmolg,geometry_only,topology_grouped,xgboost,200,272,2.9610965,3.6753874,4.447256,0.0408650003373622,4.123157978057861,272,272
CO2_0p015bar_298K_mmolg,geometry_only,topology_grouped,xgboost,500,2,2.5020792,2.61791395,2.7337487,0.0970240011811256,0.1436930000782013,2,2
CO2_0p015bar_298K_mmolg,geometry_only,topology_grouped,xgboost,1000,25,1.9122461,2.435908,3.4704978,0.0863490030169487,2.9985759258270264,25,25
CO2_0p015bar_298K_mmolg,geometry_plus_racs,functional_grouped,extra_trees,20,3,1.922937181338668,1.92413179333508,1.9807422859072683,0.880469024181366,2.010446071624756,3,3
CO2_0p015bar_298K_mmolg,geometry_plus_racs,functional_grouped,extra_trees,50,32,2.1152533744350075,2.3521713422015305,2.8313793964013456,1.8000000636675395e-05,2.1057379245758057,32,32
CO2_0p015bar_298K_mmolg,geometry_plus_racs,functional_grouped,extra_trees,100,20,1.8244566340893509,1.8799490666985517,1.9245937666893005,0.0722080022096633,2.5316479206085205,20,20
CO2_0p015bar_298K_mmolg,geometry_plus_racs,functional_grouped,extra_trees,200,51,1.3757875213846564,1.5856516728028656,1.9818240337371824,0.0416189990937709,3.52669095993042,51,51
CO2_0p015bar_298K_mmolg,geometry_plus_racs,functional_grouped,extra_trees,500,188,1.3692297229617834,1.7404150299206376,3.5961325809434057,7.79999973019585e-05,4.553881168365479,188,188
CO2_0p015bar_298K_mmolg,geometry_plus_racs,functional_grouped,extra_trees,1000,224,1.3482362492680549,1.7135710723698137,3.571835444033146,0.0141679998487234,6.32749605178833,224,224
CO2_0p015bar_298K_mmolg,geometry_plus_racs,functional_grouped,hgb,1000,3,1.4807719761883331,1.5028906467733585,1.5079360227490042,0.353424996137619,3.997554063796997,3,3
CO2_0p015bar_298K_mmolg,geometry_plus_racs,functional_grouped,lightgbm,500,14,1.94553175428272,2.227282285920113,2.735333973788086,0.0289980005472898,4.553881168365479,14,14
CO2_0p015bar_298K_mmolg,geometry_plus_racs,functional_grouped,lightgbm,1000,200,1.4674790477670236,1.6033804644720513,2.428222702709706,0.0376800000667572,5.73320198059082,200,200
CO2_0p015bar_298K_mmolg,geometry_plus_racs,functional_grouped,rf,500,12,1.600629846420317,1.8560085514436813,1.9797342677927965,0.0342699997127056,5.856161117553711,12,12
CO2_0p015bar_298K_mmolg,geometry_plus_racs,functional_grouped,rf,1000,191,1.3451603610080711,1.5976008373314072,2.2559570630816155,0.0093529997393488,6.32749605178833,191,191
CO2_0p015bar_298K_mmolg,geometry_plus_racs,functional_grouped,xgboost,50,248,2.9015367,3.1430385,3.8524718,0.0,2.775618076324463,248,248
CO2_0p015bar_298K_mmolg,geometry_plus_racs,functional_grouped,xgboost,100,13,1.681825,1.9103079,1.9877949,0.0337279997766017,2.636590003967285,13,13
CO2_0p015bar_298K_mmolg,geometry_plus_racs,functional_grouped,xgboost,200,165,1.477705,3.416598,3.631196,0.0342979989945888,3.3711628913879395,165,165
CO2_0p015bar_298K_mmolg,geometry_plus_racs,functional_grouped,xgboost,500,272,1.3372697,2.04368565,3.9637518,7.79999973019585e-05,6.718524932861328,272,272
CO2_0p015bar_298K_mmolg,geometry_plus_racs,functional_grouped,xgboost,1000,536,1.3350931,1.5586063,2.7896864,0.0,6.32749605178833,536,536
CO2_0p015bar_298K_mmolg,geometry_plus_racs,geometry_grouped,extra_trees,50,340,1.7926024790257216,2.218681325025857,4.550800453305245,0.0,4.899861812591553,340,340
CO2_0p015bar_298K_mmolg,geometry_plus_racs,geometry_grouped,extra_trees,100,33,1.607737675994635,1.6419231206774711,1.7537974561452865,0.0528290010988712,3.520585060119629,33,33
CO2_0p015bar_298K_mmolg,geometry_plus_racs,geometry_grouped,extra_trees,200,23,1.381513139486313,1.8144598709344864,4.830403544008732,0.0283419992774724,2.254283905029297,23,23
CO2_0p015bar_298K_mmolg,geometry_plus_racs,geometry_grouped,extra_trees,500,518,1.3693932362766936,1.685884599568788,4.655878363162279,0.0,6.048011779785156,518,518
CO2_0p015bar_298K_mmolg,geometry_plus_racs,geometry_grouped,extra_trees,1000,401,1.3850045016556978,1.6286674961447716,3.656792548162317,0.0027270000427961,6.2064409255981445,401,401
CO2_0p015bar_298K_mmolg,geometry_plus_racs,geometry_grouped,hgb,500,9,1.568178826893971,1.568178826893971,1.6302283557886563,0.0208449997007846,3.4747860431671143,9,9
CO2_0p015bar_298K_mmolg,geometry_plus_racs,geometry_grouped,hgb,1000,13,1.5167918987959228,1.7073713489233244,1.9941785182541831,0.0198410004377365,2.6378109455108643,13,13
CO2_0p015bar_298K_mmolg,geometry_plus_racs,geometry_grouped,lightgbm,500,257,1.48290992798446,2.201556521531171,3.0357156368839884,0.0027270000427961,6.919467926025391,257,257
CO2_0p015bar_298K_mmolg,geometry_plus_racs,geometry_grouped,lightgbm,1000,209,1.514206922123562,1.8335670209067163,3.432449316265868,0.0027270000427961,6.32749605178833,209,209
CO2_0p015bar_298K_mmolg,geometry_plus_racs,geometry_grouped,rf,50,58,2.031615339648316,2.172321744485945,2.52883801613136,0.018062999472022,4.901337146759033,58,58
CO2_0p015bar_298K_mmolg,geometry_plus_racs,geometry_grouped,rf,200,1,2.504933177645552,2.504933177645552,2.504933177645552,0.9335700273513794,0.9335700273513794,1,1
CO2_0p015bar_298K_mmolg,geometry_plus_racs,geometry_grouped,rf,500,82,1.3886469066664426,1.6870183460208774,1.9860011430386983,0.0,4.0099778175354,82,82
CO2_0p015bar_298K_mmolg,geometry_plus_racs,geometry_grouped,rf,1000,185,1.3718644491205974,1.5340473885299664,3.3869974795652182,0.0027270000427961,4.814530849456787,185,185
CO2_0p015bar_298K_mmolg,geometry_plus_racs,geometry_grouped,xgboost,20,400,2.3284032,2.3866076,2.5032966,0.0,3.516695976257324,400,400
CO2_0p015bar_298K_mmolg,geometry_plus_racs,geometry_grouped,xgboost,50,462,1.9112581,2.8286853,4.4001274,0.0,4.570383071899414,462,462
CO2_0p015bar_298K_mmolg,geometry_plus_racs,geometry_grouped,xgboost,100,153,1.439287,1.5936823,1.9945282,0.0271959993988275,3.4747860431671143,153,153
CO2_0p015bar_298K_mmolg,geometry_plus_racs,geometry_grouped,xgboost,200,550,1.396339,1.8821211,5.8283525,0.0,6.919467926025391,550,550
CO2_0p015bar_298K_mmolg,geometry_plus_racs,geometry_grouped,xgboost,500,518,1.4331228,2.55906785,4.4090457,0.0141770001500844,6.919467926025391,518,518
CO2_0p015bar_298K_mmolg,geometry_plus_racs,geometry_grouped,xgboost,1000,942,1.346978,1.7673721,3.757934,0.0,6.32749605178833,942,942
CO2_0p015bar_298K_mmolg,geometry_plus_racs,ligand_grouped,extra_trees,50,3,1.5974281600648537,1.6196889395946636,1.665362470805645,0.8312720060348511,3.1637210845947266,3,3
CO2_0p015bar_298K_mmolg,geometry_plus_racs,ligand_grouped,extra_trees,100,55,1.4909571987390515,1.7120003914013504,4.637994613364339,0.0090840002521872,6.2064409255981445,55,55
CO2_0p015bar_298K_mmolg,geometry_plus_racs,ligand_grouped,extra_trees,200,200,1.5607045134156945,1.809020459465683,2.2266867171376945,0.0001829999964684,6.2064409255981445,200,200
CO2_0p015bar_298K_mmolg,geometry_plus_racs,ligand_grouped,extra_trees,500,394,1.4643247735202312,1.6527164847105742,4.338605033040047,0.0,6.2064409255981445,394,394
CO2_0p015bar_298K_mmolg,geometry_plus_racs,ligand_grouped,extra_trees,1000,376,1.4013465412306831,1.691661462891847,3.7796639727056025,1.8000000636675395e-05,6.919467926025391,376,376
CO2_0p015bar_298K_mmolg,geometry_plus_racs,ligand_grouped,hgb,1000,63,1.483250504203814,1.523682193193515,1.7201976191203758,0.0587560012936592,3.635780096054077,63,63
CO2_0p015bar_298K_mmolg,geometry_plus_racs,ligand_grouped,lightgbm,100,4,2.346577918886889,2.430788407368202,2.485745927498076,0.075202003121376,6.2064409255981445,4,4
CO2_0p015bar_298K_mmolg,geometry_plus_racs,ligand_grouped,lightgbm,200,44,1.847656175039995,1.9647418850450933,2.0505393194464947,0.0495369993150234,3.520585060119629,44,44
CO2_0p015bar_298K_mmolg,geometry_plus_racs,ligand_grouped,lightgbm,500,53,1.6547727456726626,1.9578502570835568,2.3006884700598604,0.0936710014939308,6.2064409255981445,53,53
CO2_0p015bar_298K_mmolg,geometry_plus_racs,ligand_grouped,lightgbm,1000,351,1.4521972721430794,1.6818097299711725,2.3043714105151927,0.0051819998770952,6.919467926025391,351,351
CO2_0p015bar_298K_mmolg,geometry_plus_racs,ligand_grouped,rf,100,1,1.9891651157792207,1.9891651157792207,1.9891651157792207,1.9295220375061035,1.9295220375061035,1,1
CO2_0p015bar_298K_mmolg,geometry_plus_racs,ligand_grouped,rf,200,3,1.7604779047869945,1.7718988476147697,1.8123628270890475,1.5811599493026731,1.8454519510269165,3,3
CO2_0p015bar_298K_mmolg,geometry_plus_racs,ligand_grouped,rf,500,207,1.5108239629885274,1.707001375499857,2.197048442668077,0.031072000041604,6.2064409255981445,207,207
CO2_0p015bar_298K_mmolg,geometry_plus_racs,ligand_grouped,rf,1000,191,1.415763530334086,1.5229009648161898,2.029234033933435,0.0587560012936592,6.919467926025391,191,191
CO2_0p015bar_298K_mmolg,geometry_plus_racs,ligand_grouped,xgboost,50,260,1.5537975,1.6945656,1.7324828,0.0,6.2064409255981445,260,260
CO2_0p015bar_298K_mmolg,geometry_plus_racs,ligand_grouped,xgboost,100,264,1.5464699,2.0807192,3.9980013,0.0,4.015757083892822,264,264
CO2_0p015bar_298K_mmolg,geometry_plus_racs,ligand_grouped,xgboost,200,137,1.7496531,2.1940603,2.6792085,0.0,5.395720958709717,137,137
CO2_0p015bar_298K_mmolg,geometry_plus_racs,ligand_grouped,xgboost,500,467,1.4566175,2.6067333,4.4695244,0.0,6.718524932861328,467,467
CO2_0p015bar_298K_mmolg,geometry_plus_racs,ligand_grouped,xgboost,1000,544,1.3490899,2.0284273500000003,5.024478,0.0,6.919467926025391,544,544
CO2_0p015bar_298K_mmolg,geometry_plus_racs,metal_grouped,extra_trees,50,1,2.2241840717047454,2.2241840717047454,2.2241840717047454,0.5409510135650635,0.5409510135650635,1,1
CO2_0p015bar_298K_mmolg,geometry_plus_racs,metal_grouped,extra_trees,100,3,1.412536190107465,1.41781787288934,1.4780696197077632,0.4688149988651275,1.6458959579467771,3,3
CO2_0p015bar_298K_mmolg,geometry_plus_racs,metal_grouped,extra_trees,200,176,1.4675790679277851,1.5940748888077214,2.230305304095149,0.0167810004204511,2.755526065826416,176,176
CO2_0p015bar_298K_mmolg,geometry_plus_racs,metal_grouped,extra_trees,500,169,1.3359611156992617,1.6721585194915534,3.17977931124717,0.0,6.048011779785156,169,169
CO2_0p015bar_298K_mmolg,geometry_plus_racs,metal_grouped,extra_trees,1000,374,1.3553643938302993,1.669978913150728,2.8503796965777872,0.0083039999008178,5.870989799499512,374,374
CO2_0p015bar_298K_mmolg,geometry_plus_racs,metal_grouped,hgb,500,5,1.83171508475236,1.86542886385648,1.8944395575839776,0.0132670002058148,3.873747110366821,5,5
CO2_0p015bar_298K_mmolg,geometry_plus_racs,metal_grouped,hgb,1000,2,1.912579127781796,1.9553156839571564,1.9980522401325165,2.4561591148376465,5.963223934173584,2,2
CO2_0p015bar_298K_mmolg,geometry_plus_racs,metal_grouped,lightgbm,500,12,1.7581175907911497,1.8401808101325832,1.9323281326706865,0.281821995973587,4.013168811798096,12,12
CO2_0p015bar_298K_mmolg,geometry_plus_racs,metal_grouped,lightgbm,1000,418,1.595540345023187,2.0393208558952622,2.852112603134408,0.0,5.963223934173584,418,418
CO2_0p015bar_298K_mmolg,geometry_plus_racs,metal_grouped,rf,500,14,1.6828113429375349,1.7003121312819425,1.7203333461969912,0.281821995973587,5.870989799499512,14,14
CO2_0p015bar_298K_mmolg,geometry_plus_racs,metal_grouped,rf,1000,201,1.3649508267799215,1.7481673185180873,2.038197279318091,0.0,6.001453876495361,201,201
CO2_0p015bar_298K_mmolg,geometry_plus_racs,metal_grouped,xgboost,50,70,2.2495928,2.32446435,2.530717,0.0337279997766017,3.658149003982544,70,70
CO2_0p015bar_298K_mmolg,geometry_plus_racs,metal_grouped,xgboost,100,46,1.4275852,1.5152324,2.2861795,0.0180040001869201,2.075187921524048,46,46
CO2_0p015bar_298K_mmolg,geometry_plus_racs,metal_grouped,xgboost,200,304,1.6028737,1.94877045,2.3551245,0.0134279998019337,4.385677814483643,304,304
CO2_0p015bar_298K_mmolg,geometry_plus_racs,metal_grouped,xgboost,500,211,1.3993841,2.0520096,4.2847223,0.0,6.048011779785156,211,211
CO2_0p015bar_298K_mmolg,geometry_plus_racs,metal_grouped,xgboost,1000,586,1.6214104,2.2012694,3.7600017,0.0,6.001453876495361,586,586
CO2_0p015bar_298K_mmolg,geometry_plus_racs,random,extra_trees,50,4,1.703739113777876,1.779262022808194,1.9206483122110367,0.3963870108127594,5.954802989959717,4,4
CO2_0p015bar_298K_mmolg,geometry_plus_racs,random,extra_trees,100,176,1.842235412791372,2.0474231363460422,2.4606148395761847,0.0,3.52669095993042,176,176
CO2_0p015bar_298K_mmolg,geometry_plus_racs,random,extra_trees,200,182,1.6153167849034071,1.8817319945394992,3.1053394593372943,4.5000000682193786e-05,6.001453876495361,182,182
CO2_0p015bar_298K_mmolg,geometry_plus_racs,random,extra_trees,500,267,1.361529401872307,1.555599904369563,2.1172984574884177,0.0168030001223087,4.598164081573486,267,267
CO2_0p015bar_298K_mmolg,geometry_plus_racs,random,extra_trees,1000,178,1.3953425840139388,1.598370420113206,3.489698886871338,1.8000000636675395e-05,5.090582847595215,178,178
CO2_0p015bar_298K_mmolg,geometry_plus_racs,random,hgb,1000,13,1.4550601317974106,1.4980320592256364,1.5507735199086428,0.036736998707056,3.3205230236053467,13,13
CO2_0p015bar_298K_mmolg,geometry_plus_racs,random,lightgbm,200,3,1.7588277868410784,1.7831361734744504,1.7831361734744504,0.0124300001189112,2.949208974838257,3,3
CO2_0p015bar_298K_mmolg,geometry_plus_racs,random,lightgbm,500,5,1.490869662788721,1.7201854336564693,1.7603800969709646,0.981124997138977,2.959404945373535,5,5
CO2_0p015bar_298K_mmolg,geometry_plus_racs,random,lightgbm,1000,96,1.509977957789901,1.7620949202782543,2.1921364902752125,4.5000000682193786e-05,5.043249130249023,96,96
CO2_0p015bar_298K_mmolg,geometry_plus_racs,random,rf,200,11,1.6659811629655643,1.7035237448785818,1.835804506389147,0.4719069898128509,3.418220996856689,11,11
CO2_0p015bar_298K_mmolg,geometry_plus_racs,random,rf,500,109,1.3480513300874344,1.4090652794195109,1.676350925245003,0.0168030001223087,4.8863701820373535,109,109
CO2_0p015bar_298K_mmolg,geometry_plus_racs,random,rf,1000,88,1.4165724889960716,1.7252929991234631,2.0545594560576363,0.0452959984540939,5.783442974090576,88,88
CO2_0p015bar_298K_mmolg,geometry_plus_racs,random,xgboost,20,31,1.7691957,1.861844,1.9439462,0.042077001184225,2.582411050796509,31,31
CO2_0p015bar_298K_mmolg,geometry_plus_racs,random,xgboost,50,291,1.8521999,2.2820287,2.7109516,0.0,5.5015082359313965,291,291
CO2_0p015bar_298K_mmolg,geometry_plus_racs,random,xgboost,100,401,1.7435749,2.3285418,2.6558442,0.0,4.965631008148193,401,401
CO2_0p015bar_298K_mmolg,geometry_plus_racs,random,xgboost,200,279,1.5887411,2.0368419,3.2271419,0.0,5.1756272315979,279,279
CO2_0p015bar_298K_mmolg,geometry_plus_racs,random,xgboost,500,469,1.3380815,1.6029806,2.1513753,0.0151549996808171,6.2064409255981445,469,469
CO2_0p015bar_298K_mmolg,geometry_plus_racs,random,xgboost,1000,578,1.3833356,1.7356805,4.588154,0.0,6.2064409255981445,578,578
CO2_0p015bar_298K_mmolg,geometry_plus_racs,topology_grouped,extra_trees,200,11,2.019487362243235,2.2487001162469387,2.3782468911483883,0.1539179980754852,2.9421329498291016,11,11
CO2_0p015bar_298K_mmolg,geometry_plus_racs,topology_grouped,extra_trees,500,19,2.0360781280761584,2.2775177907645703,2.42220894792676,0.0876159965991973,2.5298359394073486,19,19
CO2_0p015bar_298K_mmolg,geometry_plus_racs,topology_grouped,extra_trees,1000,2,1.8297332738339904,1.8340703933089972,1.8384075127840045,3.174794912338257,3.1834070682525635,2,2
CO2_0p015bar_298K_mmolg,geometry_plus_racs,topology_grouped,lightgbm,500,2,1.80829132295316,1.80829132295316,1.80829132295316,2.030953884124756,2.1125359535217285,2,2
CO2_0p015bar_298K_mmolg,geometry_plus_racs,topology_grouped,lightgbm,1000,23,1.8624343209871728,2.0298985036954456,2.234777777146633,0.0424319989979267,4.123157978057861,23,23
CO2_0p015bar_298K_mmolg,geometry_plus_racs,topology_grouped,rf,1000,2,1.8376514598239444,1.8557359358360603,1.873820411848176,2.646855115890503,3.174794912338257,2,2
CO2_0p015bar_298K_mmolg,geometry_plus_racs,topology_grouped,xgboost,200,17,1.9129635,4.8044615,4.8894873,0.0899370014667511,2.9421329498291016,17,17
CO2_0p015bar_298K_mmolg,geometry_plus_racs,topology_grouped,xgboost,500,3,3.7934806,3.8221552,3.9327867,0.2070229947566986,0.3981960117816925,3,3
CO2_0p015bar_298K_mmolg,geometry_plus_racs,topology_grouped,xgboost,1000,24,1.7773381,1.9928478,3.019001,0.0581840015947818,4.123157978057861,24,24
CO2_0p150bar_298K_mmolg,geometry_only,functional_grouped,extra_trees,50,1,5.677218645572663,5.677218645572663,5.677218645572663,3.406677007675171,3.406677007675171,1,1
CO2_0p150bar_298K_mmolg,geometry_only,functional_grouped,extra_trees,100,113,4.92221275961399,5.318866804718971,6.116272139310837,0.3977600038051605,8.090081214904785,113,113
CO2_0p150bar_298K_mmolg,geometry_only,functional_grouped,extra_trees,200,252,4.50966001701355,5.291904774487018,6.987693641662598,0.0994379967451095,9.43178939819336,252,252
CO2_0p150bar_298K_mmolg,geometry_only,functional_grouped,extra_trees,500,62,4.381815299987793,4.729311666488647,6.678995263576508,0.1918220072984695,8.21475601196289,62,62
CO2_0p150bar_298K_mmolg,geometry_only,functional_grouped,extra_trees,1000,25,4.402593590557575,4.81559984600544,5.787763526439667,1.4225809574127195,6.10166597366333,25,25
CO2_0p150bar_298K_mmolg,geometry_only,functional_grouped,hgb,500,242,4.469386317282423,4.66307634569487,5.09283204583128,0.5690929889678955,8.633587837219238,242,242
CO2_0p150bar_298K_mmolg,geometry_only,functional_grouped,lightgbm,200,1,4.6452833616679,4.6452833616679,4.6452833616679,2.8391358852386475,2.8391358852386475,1,1
CO2_0p150bar_298K_mmolg,geometry_only,functional_grouped,lightgbm,500,300,4.525742002616508,4.750995658688382,6.056998079500115,0.1817770004272461,8.633587837219238,300,300
CO2_0p150bar_298K_mmolg,geometry_only,functional_grouped,lightgbm,1000,35,4.475591669405323,4.658713500229085,5.275104868303945,0.8391259908676147,5.514838218688965,35,35
CO2_0p150bar_298K_mmolg,geometry_only,functional_grouped,rf,200,3,4.677995417652765,4.708156856674194,4.753091119375069,2.7616989612579346,3.966231107711792,3,3
CO2_0p150bar_298K_mmolg,geometry_only,functional_grouped,rf,500,18,4.377412375717285,4.470156902861754,4.635232606935471,0.5690929889678955,5.1972479820251465,18,18
CO2_0p150bar_298K_mmolg,geometry_only,functional_grouped,xgboost,50,411,4.7503686,5.8849983,6.459088,0.1806409955024719,7.3866801261901855,411,411
CO2_0p150bar_298K_mmolg,geometry_only,functional_grouped,xgboost,100,234,4.604321,5.4271742,6.256277,0.0,5.169547080993652,234,234
CO2_0p150bar_298K_mmolg,geometry_only,functional_grouped,xgboost,200,305,4.538388,5.18639,7.734266,0.2439830005168914,8.906579971313477,305,305
CO2_0p150bar_298K_mmolg,geometry_only,functional_grouped,xgboost,500,307,4.4379525,4.681078,6.977976,0.0947650000452995,8.633587837219238,307,307
CO2_0p150bar_298K_mmolg,geometry_only,functional_grouped,xgboost,1000,132,4.385798,4.74907235,6.4552135,0.4084300100803375,9.811175346374512,132,132
CO2_0p150bar_298K_mmolg,geometry_only,geometry_grouped,extra_trees,50,403,4.710026521444321,4.998052880611271,5.399049022674561,0.0192140005528926,8.865232467651367,403,403
CO2_0p150bar_298K_mmolg,geometry_only,geometry_grouped,extra_trees,100,14,4.55019229221344,4.682920686364174,5.134496284008026,1.914746046066284,4.663945198059082,14,14
CO2_0p150bar_298K_mmolg,geometry_only,geometry_grouped,extra_trees,200,341,4.50314878320694,4.756815761208534,6.269420591115952,0.0676769986748695,8.298827171325684,341,341
CO2_0p150bar_298K_mmolg,geometry_only,geometry_grouped,extra_trees,500,77,4.470343807816506,5.057162466347218,7.045202774524689,0.5197539925575256,7.98488187789917,77,77
CO2_0p150bar_298K_mmolg,geometry_only,geometry_grouped,extra_trees,1000,81,4.397901956319809,4.740389747619629,6.27373193359375,0.2439830005168914,8.079503059387207,81,81
CO2_0p150bar_298K_mmolg,geometry_only,geometry_grouped,hgb,1000,10,4.440641280801633,4.5140974852301206,4.684102147352989,0.7085229754447937,5.347907066345215,10,10
CO2_0p150bar_298K_mmolg,geometry_only,geometry_grouped,lightgbm,500,40,4.514520289168085,4.763555534386727,5.103891484944387,0.3310660123825073,5.492000102996826,40,40
CO2_0p150bar_298K_mmolg,geometry_only,geometry_grouped,lightgbm,1000,91,4.463982463512705,4.727229887869884,5.4399518366145845,0.3901790082454681,7.255386829376221,91,91
CO2_0p150bar_298K_mmolg,geometry_only,geometry_grouped,xgboost,50,437,4.804062,5.861233,6.220922,0.0720200017094612,7.392714977264404,437,437
CO2_0p150bar_298K_mmolg,geometry_only,geometry_grouped,xgboost,100,25,4.6497107,4.8002877,4.952524,0.2821190059185028,5.642299175262451,25,25
CO2_0p150bar_298K_mmolg,geometry_only,geometry_grouped,xgboost,200,37,4.573869,4.792075,5.4527373,0.3901790082454681,5.8030548095703125,37,37
CO2_0p150bar_298K_mmolg,geometry_only,geometry_grouped,xgboost,500,29,4.502057,4.7525597,6.645729,0.5993319749832153,7.98488187789917,29,29
CO2_0p150bar_298K_mmolg,geometry_only,geometry_grouped,xgboost,1000,118,4.3949466,4.60921955,5.511894,0.4117760062217712,6.898012161254883,118,118
CO2_0p150bar_298K_mmolg,geometry_only,ligand_grouped,extra_trees,20,346,7.492314401149749,7.606099607467652,8.699574614524842,0.1865209937095642,8.298827171325684,346,346
CO2_0p150bar_298K_mmolg,geometry_only,ligand_grouped,extra_trees,100,9,4.601383685700595,4.761496903896332,4.999034950256347,2.3643898963928223,5.1972479820251465,9,9
CO2_0p150bar_298K_mmolg,geometry_only,ligand_grouped,extra_trees,200,117,4.539923651814461,4.781912840366363,6.642467771530152,0.1695449948310852,9.529460906982422,117,117
CO2_0p150bar_298K_mmolg,geometry_only,ligand_grouped,extra_trees,500,248,4.485845462083817,4.7168000831604,6.138984655857086,0.1865209937095642,8.079503059387207,248,248
CO2_0p150bar_298K_mmolg,geometry_only,ligand_grouped,extra_trees,1000,41,4.425497110813856,4.645240501791239,7.821152864515781,0.5999990105628967,5.9067912101745605,41,41
CO2_0p150bar_298K_mmolg,geometry_only,ligand_grouped,hgb,1000,10,4.356921559365896,4.448307380592382,4.623983784358341,3.4060819149017334,5.166079044342041,10,10
CO2_0p150bar_298K_mmolg,geometry_only,ligand_grouped,lightgbm,200,1,4.798171550096619,4.798171550096619,4.798171550096619,1.599990963935852,1.599990963935852,1,1
CO2_0p150bar_298K_mmolg,geometry_only,ligand_grouped,lightgbm,500,43,4.605624121070468,4.8872025825713,5.308263654444011,0.3518629968166351,11.107593536376951,43,43
CO2_0p150bar_298K_mmolg,geometry_only,ligand_grouped,lightgbm,1000,81,4.423772109089507,4.659487059263534,5.14337260724595,0.5003330111503601,6.151029109954834,81,81
CO2_0p150bar_298K_mmolg,geometry_only,ligand_grouped,xgboost,20,400,9.234882,9.2448845,9.651132,0.1990340054035186,7.126156806945801,400,400
CO2_0p150bar_298K_mmolg,geometry_only,ligand_grouped,xgboost,100,36,4.5707006,4.7533218,5.3625617,0.2684130072593689,7.515789031982422,36,36
CO2_0p150bar_298K_mmolg,geometry_only,ligand_grouped,xgboost,200,115,4.547829,4.9513154,6.712226,0.5034949779510498,8.466588973999023,115,115
CO2_0p150bar_298K_mmolg,geometry_only,ligand_grouped,xgboost,500,75,4.4717793,4.898609,9.489617,0.4416230022907257,11.107593536376951,75,75
CO2_0p150bar_298K_mmolg,geometry_only,ligand_grouped,xgboost,1000,129,4.3666105,4.654592,6.4682016,0.33924400806427,8.442320823669434,129,129
CO2_0p150bar_298K_mmolg,geometry_only,metal_grouped,extra_trees,100,4,4.66917672252655,5.268253623694181,5.904349929094314,0.6857879757881165,4.835511207580566,4,4
CO2_0p150bar_298K_mmolg,geometry_only,metal_grouped,extra_trees,200,1,5.255032069683075,5.255032069683075,5.255032069683075,5.598301887512207,5.598301887512207,1,1
CO2_0p150bar_298K_mmolg,geometry_only,metal_grouped,extra_trees,500,25,4.4965364737510685,5.02208878582716,5.530093128442764,0.410192996263504,5.9418110847473145,25,25
CO2_0p150bar_298K_mmolg,geometry_only,metal_grouped,extra_trees,1000,16,4.633698898077011,4.835984461545944,5.225027738332749,1.6231839656829834,3.440825939178467,16,16
CO2_0p150bar_298K_mmolg,geometry_only,metal_grouped,hgb,500,10,4.466822801013355,4.516826618860166,4.560706252394712,0.796172022819519,4.595615863800049,10,10
CO2_0p150bar_298K_mmolg,geometry_only,metal_grouped,hgb,1000,1,4.510917738437663,4.510917738437663,4.510917738437663,1.3127059936523438,1.3127059936523438,1,1
CO2_0p150bar_298K_mmolg,geometry_only,metal_grouped,lightgbm,500,160,4.53902791051299,4.681427541210459,5.2776113415227295,0.4929429888725281,6.499926090240479,160,160
CO2_0p150bar_298K_mmolg,geometry_only,metal_grouped,lightgbm,1000,6,4.862981270163352,5.016951795046338,5.1695573742476855,2.2361719608306885,6.194684982299805,6,6
CO2_0p150bar_298K_mmolg,geometry_only,metal_grouped,xgboost,100,8,5.43188,5.551482249999999,5.833635,0.4390259981155395,1.006518006324768,8,8
CO2_0p150bar_298K_mmolg,geometry_only,metal_grouped,xgboost,200,318,4.5115767,4.7873838,5.149381,0.620015025138855,6.350911140441895,318,318
CO2_0p150bar_298K_mmolg,geometry_only,metal_grouped,xgboost,500,56,4.486245,4.72961115,5.9979577,0.410192996263504,5.7878289222717285,56,56
CO2_0p150bar_298K_mmolg,geometry_only,metal_grouped,xgboost,1000,23,4.4636865,4.652851,5.5697026,0.4123750030994415,7.976027011871338,23,23
CO2_0p150bar_298K_mmolg,geometry_only,random,extra_trees,10,20,6.795422974109649,6.820928822517395,7.0231345329284665,0.6333910226821899,6.986967086791992,20,20
CO2_0p150bar_298K_mmolg,geometry_only,random,extra_trees,20,32,4.763476570606231,4.892590571701527,5.9124803919792175,0.1916439980268478,6.859525203704834,32,32
CO2_0p150bar_298K_mmolg,geometry_only,random,extra_trees,200,18,4.593787657737732,4.7804718520641325,5.1590461330413815,1.1602309942245483,7.750923156738281,18,18
CO2_0p150bar_298K_mmolg,geometry_only,random,extra_trees,500,61,4.463667103409767,4.70287704217434,6.553444862365723,0.1186719983816146,6.929146766662598,61,61
CO2_0p150bar_298K_mmolg,geometry_only,random,extra_trees,1000,122,4.4110821429491045,4.866469860076904,7.43602275377512,0.3700500130653381,8.356614112854004,122,122
CO2_0p150bar_298K_mmolg,geometry_only,random,hgb,1000,119,4.418030325722916,4.634097757501072,4.858838513678442,0.6203399896621704,7.256296157836914,119,119
CO2_0p150bar_298K_mmolg,geometry_only,random,lightgbm,200,3,4.661818624222655,4.815553202526416,4.885543191417978,3.0613160133361816,3.8488049507141113,3,3
CO2_0p150bar_298K_mmolg,geometry_only,random,lightgbm,500,98,4.5192269725056144,4.690794677507826,5.532105599646321,0.3665800094604492,5.907652854919434,98,98
CO2_0p150bar_298K_mmolg,geometry_only,random,lightgbm,1000,206,4.496911031051292,4.763183969627895,5.602080641821675,0.6203399896621704,7.256296157836914,206,206
CO2_0p150bar_298K_mmolg,geometry_only,random,rf,1000,3,4.423217408942774,4.460692822602059,4.528296047536129,3.5773489475250244,5.680039882659912,3,3
CO2_0p150bar_298K_mmolg,geometry_only,random,xgboost,20,10,6.1428976,6.150998,6.212159,0.5982710123062134,4.9364848136901855,10,10
CO2_0p150bar_298K_mmolg,geometry_only,random,xgboost,100,3,4.6548142,4.734619,4.738129,1.021347999572754,3.92057204246521,3,3
CO2_0p150bar_298K_mmolg,geometry_only,random,xgboost,200,133,4.531132,4.862399,6.810502,0.2327920049428939,6.239562034606934,133,133
CO2_0p150bar_298K_mmolg,geometry_only,random,xgboost,500,177,4.442042,4.7922173,6.53427,0.2615340054035187,7.37260103225708,177,177
CO2_0p150bar_298K_mmolg,geometry_only,random,xgboost,1000,423,4.426555,4.8863754,8.007859,0.1186719983816146,8.735635757446289,423,423
CO2_0p150bar_298K_mmolg,geometry_only,topology_grouped,extra_trees,10,46,7.8195657815337185,7.990193164050578,9.517427320897578,0.4035010039806366,7.044043064117432,46,46
CO2_0p150bar_298K_mmolg,geometry_only,topology_grouped,extra_trees,100,1,5.723380765080452,5.723380765080452,5.723380765080452,1.0372780561447144,1.0372780561447144,1,1
CO2_0p150bar_298K_mmolg,geometry_only,topology_grouped,extra_trees,200,11,5.294381270468235,5.798380321145058,5.903049180626869,0.9857860207557678,1.843179941177368,11,11
CO2_0p150bar_298K_mmolg,geometry_only,topology_grouped,extra_trees,500,2,5.465350125312805,6.24052802965045,7.015705933988095,0.2767699956893921,3.894851922988892,2,2
CO2_0p150bar_298K_mmolg,geometry_only,topology_grouped,extra_trees,1000,111,4.46618101811409,4.66230476474762,5.98516379737854,0.5248000025749207,8.906579971313477,111,111
CO2_0p150bar_298K_mmolg,geometry_only,topology_grouped,lightgbm,1000,55,4.622579712294073,4.833336974778835,6.385275451376411,0.6875349879264832,5.110159873962402,55,55
CO2_0p150bar_298K_mmolg,geometry_only,topology_grouped,xgboost,100,2,5.1933284,5.2269142,5.2605,0.6121870279312134,1.153722047805786,2,2
CO2_0p150bar_298K_mmolg,geometry_only,topology_grouped,xgboost,200,419,5.2230544,5.258015,6.8138647,0.1305049955844879,5.387986183166504,419,419
CO2_0p150bar_298K_mmolg,geometry_only,topology_grouped,xgboost,500,210,5.032475,5.43988875,7.265566,0.3977600038051605,6.898012161254883,210,210
CO2_0p150bar_298K_mmolg,geometry_only,topology_grouped,xgboost,1000,35,4.6799335,5.1829214,6.783041,0.6362119913101196,5.208736896514893,35,35
CO2_0p150bar_298K_mmolg,geometry_plus_racs,functional_grouped,extra_trees,50,1,4.572896644711494,4.572896644711494,4.572896644711494,3.406677007675171,3.406677007675171,1,1
CO2_0p150bar_298K_mmolg,geometry_plus_racs,functional_grouped,extra_trees,100,1,4.405287250161171,4.405287250161171,4.405287250161171,4.292051792144775,4.292051792144775,1,1
CO2_0p150bar_298K_mmolg,geometry_plus_racs,functional_grouped,extra_trees,200,373,4.2433448339700695,5.440079717218876,8.644250344753265,0.1313820034265518,11.107593536376951,373,373
CO2_0p150bar_298K_mmolg,geometry_plus_racs,functional_grouped,extra_trees,500,100,4.137023136496544,4.317272017359734,7.922232052564621,0.8467429876327515,13.661459922790527,100,100
CO2_0p150bar_298K_mmolg,geometry_plus_racs,functional_grouped,extra_trees,1000,112,4.040147290408611,4.525438295722008,5.615096116364002,0.0299750007688999,9.345257759094238,112,112
CO2_0p150bar_298K_mmolg,geometry_plus_racs,functional_grouped,hgb,500,20,4.133998087216741,4.257730149684964,4.402843529380337,3.0043349266052246,5.632446765899658,20,20
CO2_0p150bar_298K_mmolg,geometry_plus_racs,functional_grouped,hgb,1000,125,4.063316229520327,4.169454155490462,4.583639911009189,2.2089099884033203,10.850961685180664,125,125
CO2_0p150bar_298K_mmolg,geometry_plus_racs,functional_grouped,lightgbm,200,40,4.353879063067786,4.700638123792606,5.232522455861491,1.0335179567337036,5.67841911315918,40,40
CO2_0p150bar_298K_mmolg,geometry_plus_racs,functional_grouped,lightgbm,500,397,4.127888488381052,4.519305678566127,5.8535064991636325,1.6691219806671145,10.850961685180664,397,397
CO2_0p150bar_298K_mmolg,geometry_plus_racs,functional_grouped,lightgbm,1000,526,4.053282553148636,4.320929194646649,6.225384389548401,0.000250999990385,13.661459922790527,526,526
CO2_0p150bar_298K_mmolg,geometry_plus_racs,functional_grouped,rf,200,7,4.54917165394766,4.989270993007168,5.422108436649811,0.3462379872798919,9.43178939819336,7,7
CO2_0p150bar_298K_mmolg,geometry_plus_racs,functional_grouped,rf,500,124,4.105726751956818,4.374619479583465,4.689776271075436,0.7039539813995361,13.921223640441896,124,124
CO2_0p150bar_298K_mmolg,geometry_plus_racs,functional_grouped,rf,1000,103,4.06348975035518,4.243526007561029,4.512927284661644,0.0,10.531407356262209,103,103
CO2_0p150bar_298K_mmolg,geometry_plus_racs,functional_grouped,xgboost,50,1,4.7399635,4.7399635,4.7399635,3.841772079467773,3.841772079467773,1,1
CO2_0p150bar_298K_mmolg,geometry_plus_racs,functional_grouped,xgboost,100,45,4.343177,4.937943,5.8084674,0.0298260003328323,5.15346622467041,45,45
CO2_0p150bar_298K_mmolg,geometry_plus_racs,functional_grouped,xgboost,200,565,4.282201,5.3064637,9.270695,0.0,11.107593536376951,565,565
CO2_0p150bar_298K_mmolg,geometry_plus_racs,functional_grouped,xgboost,500,613,4.069331,4.569068,8.312997,0.0590890012681484,13.921223640441896,613,613
CO2_0p150bar_298K_mmolg,geometry_plus_racs,functional_grouped,xgboost,1000,384,4.024025,4.4591855,7.8641906,0.1726740002632141,13.661459922790527,384,384
CO2_0p150bar_298K_mmolg,geometry_plus_racs,geometry_grouped,extra_trees,50,215,4.528967408657074,4.743862342059613,5.770114860057831,1.826807975769043,5.765932083129883,215,215
CO2_0p150bar_298K_mmolg,geometry_plus_racs,geometry_grouped,extra_trees,100,212,4.299994356393814,4.842166081368923,5.100718059182167,0.0,6.732213020324707,212,212
CO2_0p150bar_298K_mmolg,geometry_plus_racs,geometry_grouped,extra_trees,200,170,4.279385868072509,4.596698033005,6.251089895606041,0.4255219995975494,6.71406888961792,170,170
CO2_0p150bar_298K_mmolg,geometry_plus_racs,geometry_grouped,extra_trees,500,82,4.174104372024536,4.840405734658241,7.409930377483368,0.0899220034480094,10.850961685180664,82,82
CO2_0p150bar_298K_mmolg,geometry_plus_racs,geometry_grouped,extra_trees,1000,345,4.088234175503254,4.332940814971924,7.062871954083443,0.1979040056467056,13.661459922790527,345,345
CO2_0p150bar_298K_mmolg,geometry_plus_racs,geometry_grouped,hgb,500,22,4.253006525414834,4.347222010244539,4.785432269999895,2.049643039703369,9.614595413208008,22,22
CO2_0p150bar_298K_mmolg,geometry_plus_racs,geometry_grouped,hgb,1000,618,4.0971026417757015,4.225595416422934,4.713181355490773,0.7238969802856445,8.450210571289062,618,618
CO2_0p150bar_298K_mmolg,geometry_plus_racs,geometry_grouped,lightgbm,200,58,4.429881366513286,4.635471057787967,4.985841512103564,0.2538470029830932,6.71406888961792,58,58
CO2_0p150bar_298K_mmolg,geometry_plus_racs,geometry_grouped,lightgbm,500,277,4.2086952818152685,4.515232902865208,6.765494874076657,0.0899220034480094,10.850961685180664,277,277
CO2_0p150bar_298K_mmolg,geometry_plus_racs,geometry_grouped,lightgbm,1000,623,4.088642699279514,4.287484437443829,5.570126618236079,0.1313820034265518,10.850961685180664,623,623
CO2_0p150bar_298K_mmolg,geometry_plus_racs,geometry_grouped,rf,500,26,4.1754828715055705,4.680405104184366,5.457173863166567,0.1313820034265518,10.404831886291504,26,26
CO2_0p150bar_298K_mmolg,geometry_plus_racs,geometry_grouped,rf,1000,53,4.093701891801471,4.304982726097136,5.308976577881877,0.1979040056467056,10.850961685180664,53,53
CO2_0p150bar_298K_mmolg,geometry_plus_racs,geometry_grouped,xgboost,50,509,4.6475945,5.593847,5.9890766,0.0540889985859394,8.865232467651367,509,509
CO2_0p150bar_298K_mmolg,geometry_plus_racs,geometry_grouped,xgboost,100,235,4.3641863,4.6735764,5.5883718,0.0,11.387603759765623,235,235
CO2_0p150bar_298K_mmolg,geometry_plus_racs,geometry_grouped,xgboost,200,211,4.286137,4.716023,7.0473266,0.1047480031847953,8.298827171325684,211,211
CO2_0p150bar_298K_mmolg,geometry_plus_racs,geometry_grouped,xgboost,500,339,4.184906,4.465046,7.522648,0.0899220034480094,13.661459922790527,339,339
CO2_0p150bar_298K_mmolg,geometry_plus_racs,geometry_grouped,xgboost,1000,1218,4.04918,4.2806975000000005,6.9342957,0.1419440060853958,13.661459922790527,1218,1218
CO2_0p150bar_298K_mmolg,geometry_plus_racs,ligand_grouped,extra_trees,20,27,5.01114092874527,5.087753107428551,8.24030306339264,0.3121120035648346,10.290803909301758,27,27
CO2_0p150bar_298K_mmolg,geometry_plus_racs,ligand_grouped,extra_trees,100,172,4.454015242815018,4.617536547720432,5.236574369192123,0.5048760175704956,6.824587821960449,172,172
CO2_0p150bar_298K_mmolg,geometry_plus_racs,ligand_grouped,extra_trees,200,303,4.232294888198376,4.841481611073017,9.032976266622544,0.1201810017228126,10.766982078552246,303,303
CO2_0p150bar_298K_mmolg,geometry_plus_racs,ligand_grouped,extra_trees,500,265,4.101018167495727,4.596957336008549,9.922700041770936,0.1098269969224929,13.661459922790527,265,265
CO2_0p150bar_298K_mmolg,geometry_plus_racs,ligand_grouped,extra_trees,1000,213,4.103679514527321,4.326781934857369,7.3115368311405184,0.7195649743080139,13.921223640441896,213,213
CO2_0p150bar_298K_mmolg,geometry_plus_racs,ligand_grouped,hgb,500,25,4.3372197355648,4.398725336092537,4.541744025603012,2.618298053741455,6.220681190490723,25,25
CO2_0p150bar_298K_mmolg,geometry_plus_racs,ligand_grouped,hgb,1000,361,4.15766806153614,4.260986016481955,4.771084303459881,0.1440799981355667,11.958525657653809,361,361
CO2_0p150bar_298K_mmolg,geometry_plus_racs,ligand_grouped,lightgbm,200,15,4.3236189788959685,4.4305830460324325,5.238328729491735,0.1879869997501373,9.305424690246582,15,15
CO2_0p150bar_298K_mmolg,geometry_plus_racs,ligand_grouped,lightgbm,500,476,4.146430152979707,4.444545412106712,6.1548363604493375,0.7219390273094177,13.661459922790527,476,476
CO2_0p150bar_298K_mmolg,geometry_plus_racs,ligand_grouped,lightgbm,1000,446,4.119619353701717,4.39041258301914,5.31735171033519,0.467738002538681,10.290803909301758,446,446
CO2_0p150bar_298K_mmolg,geometry_plus_racs,ligand_grouped,rf,200,4,4.439853139072213,4.618188320225364,4.84698927609526,0.1201810017228126,10.290803909301758,4,4
CO2_0p150bar_298K_mmolg,geometry_plus_racs,ligand_grouped,rf,500,72,4.22322245153988,6.183808938736198,6.359639540219781,0.9107239842414856,11.107593536376951,72,72
CO2_0p150bar_298K_mmolg,geometry_plus_racs,ligand_grouped,rf,1000,96,4.096836108013184,4.31704595386736,5.227505835217146,1.1040719747543335,13.921223640441896,96,96
CO2_0p150bar_298K_mmolg,geometry_plus_racs,ligand_grouped,xgboost,20,46,6.6055226,7.6481905,7.9486604,0.1407849937677383,5.053561210632324,46,46
CO2_0p150bar_298K_mmolg,geometry_plus_racs,ligand_grouped,xgboost,100,203,4.520951,4.7528844,5.3032365,0.6087419986724854,5.730913162231445,203,203
CO2_0p150bar_298K_mmolg,geometry_plus_racs,ligand_grouped,xgboost,200,207,4.405932,7.3179774,7.830976,0.0003969999961555,11.958525657653809,207,207
CO2_0p150bar_298K_mmolg,geometry_plus_racs,ligand_grouped,xgboost,500,749,4.1099715,5.304221,10.279054,0.2725409865379333,11.107593536376951,749,749
CO2_0p150bar_298K_mmolg,geometry_plus_racs,ligand_grouped,xgboost,1000,397,4.081461,4.3408136,10.549004,0.1465529948472976,10.766982078552246,397,397
CO2_0p150bar_298K_mmolg,geometry_plus_racs,metal_grouped,extra_trees,100,16,4.906259732484817,5.40834399574995,5.753813525795937,1.4642419815063477,4.856767177581787,16,16
CO2_0p150bar_298K_mmolg,geometry_plus_racs,metal_grouped,extra_trees,200,2,4.325571340560913,4.331897631406784,4.338223922252655,3.916508913040161,4.255414962768555,2,2
CO2_0p150bar_298K_mmolg,geometry_plus_racs,metal_grouped,extra_trees,500,1,6.86723109588027,6.86723109588027,6.86723109588027,5.9418110847473145,5.9418110847473145,1,1
CO2_0p150bar_298K_mmolg,geometry_plus_racs,metal_grouped,extra_trees,1000,371,4.148860276341439,4.900425273954868,7.269360924005508,0.9107239842414856,13.921223640441896,371,371
CO2_0p150bar_298K_mmolg,geometry_plus_racs,metal_grouped,hgb,500,7,4.372954042045644,4.433536408216309,4.820373616334971,4.087320804595947,5.9418110847473145,7,7
CO2_0p150bar_298K_mmolg,geometry_plus_racs,metal_grouped,hgb,1000,47,4.21035466961553,4.2789509709564655,4.531390633945421,3.077709913253784,5.977908134460449,47,47
CO2_0p150bar_298K_mmolg,geometry_plus_racs,metal_grouped,lightgbm,200,11,4.264110552633461,5.02397369207627,5.133316687855764,2.412839889526367,7.311296939849853,11,11
CO2_0p150bar_298K_mmolg,geometry_plus_racs,metal_grouped,lightgbm,500,28,4.068752294368485,4.275671738676541,4.954571711825242,0.7236570119857788,8.450210571289062,28,28
CO2_0p150bar_298K_mmolg,geometry_plus_racs,metal_grouped,lightgbm,1000,500,4.202738516750131,4.493088474943557,5.680920430894655,0.6251649856567383,13.921223640441896,500,500
CO2_0p150bar_298K_mmolg,geometry_plus_racs,metal_grouped,rf,1000,188,4.256568152274546,4.410733546465633,5.140909589260818,0.9107239842414856,13.921223640441896,188,188
CO2_0p150bar_298K_mmolg,geometry_plus_racs,metal_grouped,xgboost,100,56,4.509909,5.3615145,6.8509955,0.4500119984149933,9.959453582763672,56,56
CO2_0p150bar_298K_mmolg,geometry_plus_racs,metal_grouped,xgboost,200,212,4.32953,4.60489115,5.569289,1.0404750108718872,9.811175346374512,212,212
CO2_0p150bar_298K_mmolg,geometry_plus_racs,metal_grouped,xgboost,500,679,4.309211,4.559623,6.4309144,0.1440799981355667,10.766982078552246,679,679
CO2_0p150bar_298K_mmolg,geometry_plus_racs,metal_grouped,xgboost,1000,437,4.5784335,5.3446946,8.341858,0.6251649856567383,11.387603759765623,437,437
CO2_0p150bar_298K_mmolg,geometry_plus_racs,random,extra_trees,10,86,5.247690563023091,5.789011064589023,6.644890093207359,0.0,7.203605175018311,86,86
CO2_0p150bar_298K_mmolg,geometry_plus_racs,random,extra_trees,20,5,4.857945166051388,5.349574839115143,5.9248583687543865,0.3997749984264374,6.189554214477539,5,5
CO2_0p150bar_298K_mmolg,geometry_plus_racs,random,extra_trees,100,8,4.364651015520096,4.582199378967285,5.192275650262832,1.7108960151672363,6.581875801086426,8,8
CO2_0p150bar_298K_mmolg,geometry_plus_racs,random,extra_trees,200,27,4.339796320676804,4.787719121098518,6.441915621275082,0.0618669986724853,6.81549596786499,27,27
CO2_0p150bar_298K_mmolg,geometry_plus_racs,random,extra_trees,500,151,4.15521279323101,4.470207215964794,6.59375819325447,0.1512849926948547,9.959453582763672,151,151
CO2_0p150bar_298K_mmolg,geometry_plus_racs,random,extra_trees,1000,772,4.095427802562714,4.6175996395647525,9.137588416814804,0.5219519734382629,13.921223640441896,772,772
CO2_0p150bar_298K_mmolg,geometry_plus_racs,random,hgb,500,68,4.197566584365535,4.24295375902228,4.39514366888877,1.6904360055923462,7.37260103225708,68,68
CO2_0p150bar_298K_mmolg,geometry_plus_racs,random,hgb,1000,700,4.121657368685083,4.32973626797573,5.382665588601856,0.0,8.913304328918457,700,700
CO2_0p150bar_298K_mmolg,geometry_plus_racs,random,lightgbm,200,5,4.245511770629876,4.29479050854824,4.347962382578224,2.4652578830718994,5.680039882659912,5,5
CO2_0p150bar_298K_mmolg,geometry_plus_racs,random,lightgbm,500,236,4.209353342259434,4.362974304397568,5.485420726762621,0.3835659921169281,9.477577209472656,236,236
CO2_0p150bar_298K_mmolg,geometry_plus_racs,random,lightgbm,1000,776,4.129351163014203,4.395257069012692,5.7653208377753895,0.0720200017094612,13.921223640441896,776,776
CO2_0p150bar_298K_mmolg,geometry_plus_racs,random,rf,500,1,4.179510163412775,4.179510163412775,4.179510163412775,4.605405807495117,4.605405807495117,1,1
CO2_0p150bar_298K_mmolg,geometry_plus_racs,random,rf,1000,207,4.093671809887886,4.318273633247612,5.169488683886376,0.7312679886817932,13.921223640441896,207,207
CO2_0p150bar_298K_mmolg,geometry_plus_racs,random,xgboost,20,64,5.769789,5.813042,6.4577866,0.0098940003663301,8.633587837219238,64,64
CO2_0p150bar_298K_mmolg,geometry_plus_racs,random,xgboost,100,57,4.296513,4.5407214,5.407054,0.3652330040931701,10.86901569366455,57,57
CO2_0p150bar_298K_mmolg,geometry_plus_racs,random,xgboost,200,198,4.263713,5.0666128,7.6931033,0.0201639998704195,9.370512962341309,198,198
CO2_0p150bar_298K_mmolg,geometry_plus_racs,random,xgboost,500,456,4.1218767,4.494872,7.6711674,0.070372998714447,13.661459922790527,456,456
CO2_0p150bar_298K_mmolg,geometry_plus_racs,random,xgboost,1000,1206,4.0780864,4.501931900000001,8.875032,0.0,13.921223640441896,1206,1206
CO2_0p150bar_298K_mmolg,geometry_plus_racs,topology_grouped,extra_trees,10,169,5.801270373225212,6.644504742324353,10.62858253544569,0.0595190003514289,8.860673904418945,169,169
CO2_0p150bar_298K_mmolg,geometry_plus_racs,topology_grouped,extra_trees,50,1,6.655155667185784,6.655155667185784,6.655155667185784,5.24360990524292,5.24360990524292,1,1
CO2_0p150bar_298K_mmolg,geometry_plus_racs,topology_grouped,extra_trees,500,27,4.978613209158183,5.263812179684639,7.5704152576625345,0.528078019618988,7.329308986663818,27,27
CO2_0p150bar_298K_mmolg,geometry_plus_racs,topology_grouped,extra_trees,1000,27,4.911836933910847,6.771112420380115,8.202652663111687,0.7992569804191589,9.959453582763672,27,27
CO2_0p150bar_298K_mmolg,geometry_plus_racs,topology_grouped,hgb,1000,5,5.471196822860848,5.734935161833424,6.102624952882482,5.8853840827941895,7.813613891601562,5,5
CO2_0p150bar_298K_mmolg,geometry_plus_racs,topology_grouped,lightgbm,500,6,4.982105453915263,4.982105453915263,5.007023201490293,5.24360990524292,7.337431907653809,6,6
CO2_0p150bar_298K_mmolg,geometry_plus_racs,topology_grouped,lightgbm,1000,180,4.808003149910206,5.57623625384917,6.5791051271725225,1.32920503616333,9.174962997436523,180,180
CO2_0p150bar_298K_mmolg,geometry_plus_racs,topology_grouped,rf,500,3,5.03147889943842,5.03147889943842,5.035873187918701,5.24360990524292,7.329308986663818,3,3
CO2_0p150bar_298K_mmolg,geometry_plus_racs,topology_grouped,rf,1000,42,4.9428053224504,5.019000037718008,6.003102552043542,0.1201810017228126,9.959453582763672,42,42
CO2_0p150bar_298K_mmolg,geometry_plus_racs,topology_grouped,xgboost,10,47,7.8656907,7.8681474,7.8939214,0.2983239889144897,0.5067740082740784,47,47
CO2_0p150bar_298K_mmolg,geometry_plus_racs,topology_grouped,xgboost,100,28,4.576024,5.4323211,6.1029587,0.3104679882526397,4.870617866516113,28,28
CO2_0p150bar_298K_mmolg,geometry_plus_racs,topology_grouped,xgboost,200,111,4.966954,5.190271,5.3561525,0.2583920061588287,5.770403861999512,111,111
CO2_0p150bar_298K_mmolg,geometry_plus_racs,topology_grouped,xgboost,500,9,4.721482,4.764013,6.413572,2.49625301361084,5.325170040130615,9,9
CO2_0p150bar_298K_mmolg,geometry_plus_racs,topology_grouped,xgboost,1000,197,4.823816,6.0142946,9.339064,0.0,9.959453582763672,197,197
