target,target_label_plain,mof_id,filename,consensus_score,y_true_median,y_pred_median,split_lower_median,split_upper_median,true_percentile,pred_percentile,n_models,n_seeds,n_splits,n_budgets,trusted_support,y_pred_max,split_lower_max,interval_width_median,target_lower_bound_percentile_median,target_pred_percentile_median,target_interval_width_percentile_small_median,n_support_rows,n_feature_sets,Density,Di,Df,Dif,consensus_pass,consensus_score_percentile_within_target
CH4_5p8bar_298K_mmolg,CH4 5.8 bar,DB0-m3_o1520_o156_f0_fsc.sym.34,DB0-m3_o1520_o156_f0_fsc.sym.34.cif,54.603233333333336,8.517160415649414,7.6316614,6.425999239651561,8.834168,0.9983548976739185,0.9900469517221605,5,4,5,4,51,8.142626,6.9642997,2.4229704008046777,0.7502,0.7271333333333333,0.3973666666666666,51,2,0.857227,6.32956,5.25137,6.32956,True,1.0
CH4_5p8bar_298K_mmolg,CH4 5.8 bar,DB0-m3_o43_o156_f0_fsc.sym.64,DB0-m3_o43_o156_f0_fsc.sym.64.cif,54.4688,8.983488082885742,7.794746764928423,6.558074791832853,9.005113380052416,0.9994659689616859,0.9925199813626752,5,5,4,5,50,8.1325445,7.0272293,2.4223316558605723,0.8563333333333333,0.8592,0.3997333333333333,50,1,0.728647,7.12137,5.32955,7.12137,True,0.9998364141992476
CH4_5p8bar_298K_mmolg,CH4 5.8 bar,DB0-m3_o44_o156_f0_fsc.sym.24,DB0-m3_o44_o156_f0_fsc.sym.24.cif,53.728125000000006,8.337862014770508,7.52298361396158,6.29126864413459,8.769529625780299,0.9976094046808358,0.9878606501559084,5,5,5,4,50,8.319899,7.2722044,2.4221800524474664,0.5798666666666668,0.59005,0.4090916666666667,50,1,0.75564,6.83431,5.7447,6.83431,True,0.999672828398495
CH4_5p8bar_298K_mmolg,CH4 5.8 bar,DB0-m3_o153_o156_f0_fsc.sym.73,DB0-m3_o153_o156_f0_fsc.sym.73.cif,52.2626,8.013068199157715,7.672290732379638,6.465929528394886,8.946472836180849,0.9953550051969463,0.9907243467976058,5,5,4,4,44,8.48145803642273,7.220769,2.413957282889732,0.7881333333333334,0.7675166666666666,0.4225,44,2,0.847296,6.90471,5.20752,6.90471,True,0.9995092425977424
CH4_5p8bar_298K_mmolg,CH4 5.8 bar,DB0-m3_o440_o155_f0_fsc.sym.13,DB0-m3_o440_o155_f0_fsc.sym.13.cif,52.21821666666667,8.735939025878906,7.674775,6.433216921518017,8.888353,0.9990251245475072,0.9907709401096735,5,5,4,4,45,8.404269,7.104973,2.442451499999999,0.7578666666666667,0.7714333333333333,0.3624166666666667,45,1,0.756228,6.25179,5.23996,6.25179,True,0.99934565679699
CH4_5p8bar_298K_mmolg,CH4 5.8 bar,DB0-m3_o1520_o156_f0_fsc.sym.12,DB0-m3_o1520_o156_f0_fsc.sym.12.cif,51.697,8.927698135375977,7.845426,6.561665832324296,9.0887575970612,0.9994014551449769,0.9932332174474033,5,4,4,3,43,8.395284,7.316393,2.497904732867564,0.8588333333333333,0.8883333333333333,0.2996666666666666,43,1,0.82976,6.48855,5.04498,6.31026,True,0.9991820709962376
CH4_5p8bar_298K_mmolg,CH4 5.8 bar,DB0-m3_o156_o470_f0_fsc.sym.1,DB0-m3_o156_o470_f0_fsc.sym.1.cif,51.36954166666666,8.785409927368164,7.713692272795869,6.469716984011987,8.991815500000001,0.9991398157772123,0.9913551485609835,5,5,4,4,40,8.271614,7.093288,2.4100545113898004,0.7904,0.80445,0.4374416666666667,40,2,0.884526,6.06216,5.27173,6.01882,True,0.9990184851954852
CH4_5p8bar_298K_mmolg,CH4 5.8 bar,DB0-m3_o520_o155_f0_fsc.sym.56,DB0-m3_o520_o155_f0_fsc.sym.56.cif,51.21500833333334,7.125127792358398,7.56883485,6.36266515,8.775445345063062,0.9757535572201713,0.9889322963334648,5,5,5,4,36,7.909972606139731,6.863280728106961,2.3990539183616635,0.6803666666666667,0.6547166666666666,0.4626416666666667,36,1,0.722308,7.68771,5.2669,7.68771,True,0.9988548993947324
CH4_5p8bar_298K_mmolg,CH4 5.8 bar,DB0-m3_o1530_o156_f0_fsc.sym.7,DB0-m3_o1530_o156_f0_fsc.sym.7.cif,51.09518333333333,8.570463180541992,7.490288756606433,6.393503,8.643817,0.998552023224974,0.9870578115479732,5,5,5,4,35,8.236408809916547,6.744566,2.3556516999999992,0.7169,0.5408,0.5283833333333333,35,2,0.81041,7.32359,5.27766,7.28956,True,0.99869131359398
CH4_5p8bar_298K_mmolg,CH4 5.8 bar,DB0-m3_o51_o156_f0_fsc.sym.52,DB0-m3_o51_o156_f0_fsc.sym.52.cif,51.0821,8.665020942687988,7.678236067007636,6.422560355179597,8.911954489065032,0.9988315830973801,0.9908318698254542,5,5,4,4,41,8.294884,7.1165576,2.490644638419152,0.7467666666666667,0.7740333333333334,0.3098999999999999,41,2,0.822073,6.09085,5.28734,6.09002,True,0.9985277277932276
CH4_5p8bar_298K_mmolg,CH4 5.8 bar,DB0-m3_o1530_o158_f0_fsc.sym.19,DB0-m3_o1530_o158_f0_fsc.sym.19.cif,50.92171666666667,8.073787689208984,7.647061264263768,6.3976974,8.859231,0.9958352747213361,0.9903659367047776,5,5,4,5,41,9.009929,7.1728125,2.417474069017052,0.7214,0.7427333333333334,0.41505,41,2,0.861713,7.26659,4.9897,7.14581,True,0.998364141992475
CH4_5p8bar_298K_mmolg,CH4 5.8 bar,DB0-m3_o156_o45_f0_fsc.sym.3,DB0-m3_o156_o45_f0_fsc.sym.3.cif,50.805025,9.346652030944824,7.7092595,6.46592355,8.929479323827266,0.9998172108526576,0.9912942188452026,5,5,4,3,38,8.388999481163646,7.307364284773028,2.422331655860572,0.7879499999999999,0.8004833333333333,0.4004583333333333,38,2,0.790536,6.20063,5.25131,6.20063,True,0.9982005561917224
CH4_5p8bar_298K_mmolg,CH4 5.8 bar,DB0-m3_o43_o156_f0_fsc.sym.47,DB0-m3_o43_o156_f0_fsc.sym.47.cif,50.80076666666666,8.159960746765137,7.6950073,6.506613178967056,8.960706697463989,0.9965270062004946,0.9910612522848643,5,5,4,3,37,8.102945,6.8879733,2.4229704008046777,0.822,0.7887,0.3973666666666666,37,1,0.731117,8.02675,5.27366,8.02675,True,0.99803697039097
CH4_5p8bar_298K_mmolg,CH4 5.8 bar,DB0-m3_o43_o156_f0_fsc.sym.66,DB0-m3_o43_o156_f0_fsc.sym.66.cif,50.7871,7.765488147735596,7.563266486915819,6.300605894627857,8.822646613969377,0.9921185620587075,0.9887996845991183,5,5,5,3,37,8.061287,7.0135927,2.3965276368763515,0.5950666666666666,0.6474,0.4817666666666667,37,1,0.757011,6.64761,5.25794,6.64761,True,0.9978733845902176
CH4_5p8bar_298K_mmolg,CH4 5.8 bar,DB0-m3_o1520_o155_f0_fsc.sym.16,DB0-m3_o1520_o155_f0_fsc.sym.16.cif,50.67823333333333,8.44785213470459,7.625949812996687,6.445787326089368,8.780202696500998,0.9981004265080105,0.9899143399878141,5,5,5,5,30,8.198912,7.142935,2.294833304062403,0.7699666666666667,0.7210666666666667,0.5763666666666667,30,1,0.760087,7.80245,5.26601,7.80245,True,0.9977097987894652
CH4_5p8bar_298K_mmolg,CH4 5.8 bar,DB0-m3_o440_o156_f0_fsc.sym.14,DB0-m3_o440_o156_f0_fsc.sym.14.cif,50.258741666666666,8.88448715209961,7.873113163654221,6.621788197574711,9.084076911606122,0.9993369413282678,0.9935127773198094,5,4,4,4,36,8.55741669948681,7.4643245,2.481934545087624,0.8908333333333334,0.9016666666666666,0.3287416666666667,36,1,0.753791,6.40572,5.24893,6.40572,True,0.9975462129887126
CH4_5p8bar_298K_mmolg,CH4 5.8 bar,DB0-m3_o152_o156_f0_fsc.sym.16,DB0-m3_o152_o156_f0_fsc.sym.16.cif,50.23603333333333,8.094706535339355,7.5947404213256835,6.322232884751425,8.8211435,0.9960001433640371,0.9893337156374323,5,5,4,3,42,8.138079,7.0530195,2.4547398834017917,0.62665,0.6858833333333334,0.3510666666666667,42,1,0.834221,7.01632,5.19069,6.89506,True,0.99738262718796
CH4_5p8bar_298K_mmolg,CH4 5.8 bar,DB0-m3_o440_o156_f0_fsc.sym.3,DB0-m3_o440_o156_f0_fsc.sym.3.cif,49.86088333333333,8.33431339263916,7.729810247873799,6.4409904,8.928074066311975,0.997598652378051,0.9916132038278198,5,4,4,5,39,8.539325325012207,7.3172054,2.444759908146682,0.7656666666666667,0.8164666666666667,0.3526166666666667,39,1,0.753301,7.32856,5.28002,7.32733,True,0.9972190413872076
CH4_5p8bar_298K_mmolg,CH4 5.8 bar,DB0-m3_o156_o510_f0_fsc.sym.26,DB0-m3_o156_o510_f0_fsc.sym.26.cif,49.8518,7.655782222747803,7.660668816848755,6.463902484798508,8.81867285534668,0.9904913802372675,0.9905702304576897,5,4,5,4,30,8.346306,7.290329,2.299277739745293,0.7860833333333332,0.75645,0.5502333333333334,30,1,0.784478,6.67539,5.29289,6.57329,True,0.9970554555864553
CH4_5p8bar_298K_mmolg,CH4 5.8 bar,DB0-m3_o440_o156_f0_fsc.sym.81,DB0-m3_o440_o156_f0_fsc.sym.81.cif,49.72431666666666,8.015520095825195,7.641274081975799,6.3861883677803135,8.833170544678307,0.9953693416006595,0.9902655818787857,5,5,4,3,37,8.217762,7.129213,2.479815769487711,0.7087333333333333,0.7375666666666667,0.3293166666666667,37,2,0.799661,6.58483,5.2684,6.22459,True,0.9968918697857028
CH4_5p8bar_298K_mmolg,CH4 5.8 bar,DB0-m3_o152_o155_f0_fsc.sym.2,DB0-m3_o152_o155_f0_fsc.sym.2.cif,49.65705,8.744529724121094,7.701595492362976,6.389586344985139,8.944897462726999,0.9990537973549335,0.9911723594136411,5,5,4,4,36,8.390298,7.334321,2.432496149999999,0.7121666666666666,0.7945,0.3707166666666667,36,1,0.754416,8.41367,5.23006,8.41367,True,0.99672828398495
CH4_5p8bar_298K_mmolg,CH4 5.8 bar,DB0-m3_o153_o156_f0_fsc.sym.28,DB0-m3_o153_o156_f0_fsc.sym.28.cif,49.592533333333336,7.864270210266113,7.6114482,6.2681217331069705,8.853648546987202,0.9934124224938174,0.9896419483172646,5,5,4,3,42,8.146469,6.983833,2.4520863347335378,0.5415166666666666,0.7046333333333333,0.3511333333333333,42,2,0.856308,6.73704,5.22621,6.28763,True,0.9965646981841976
CH4_5p8bar_298K_mmolg,CH4 5.8 bar,DB0-m3_o1530_o156_f0_fsc.sym.95,DB0-m3_o1530_o156_f0_fsc.sym.95.cif,49.47548333333334,8.192103385925293,7.5407468,6.39469555065766,8.7459435,0.9967528045589764,0.9882692376617326,5,4,5,3,32,8.2919445,7.2442503,2.37272915,0.7174833333333334,0.6157333333333334,0.50415,32,1,0.830605,7.24884,5.27109,7.22459,True,0.9964011123834452
CH4_5p8bar_298K_mmolg,CH4 5.8 bar,DB0-m3_o520_o156_f0_fsc.sym.5,DB0-m3_o520_o156_f0_fsc.sym.5.cif,49.4714,9.115152359008787,7.602872127951397,6.3547599499719,8.769087,0.999605748897889,0.989495000179205,5,5,5,3,29,8.411343073390944,7.188963119317602,2.3977906945236134,0.6705333333333333,0.6946333333333333,0.4678666666666666,29,1,0.790608,6.48925,4.70669,6.48273,True,0.9962375265826926
CH4_5p8bar_298K_mmolg,CH4 5.8 bar,DB0-m3_o152_o156_f0_fsc.sym.81,DB0-m3_o152_o156_f0_fsc.sym.81.cif,49.39963333333333,7.8900980949401855,7.559711055755615,6.40767783488656,8.698874174355518,0.9937529120820042,0.9887280025805527,5,4,5,3,31,7.92228105043736,6.87558917240459,2.3624135000000006,0.7323666666666667,0.6426,0.5055000000000001,31,1,0.823211,7.13901,5.2239,7.12424,True,0.99607394078194
CH4_65bar_298K_mmolg,CH4 65 bar,DB7-ddmof_22845,DB7-ddmof_22845.cif,65.10745,45.76158142089844,39.23882105255127,37.038586,41.402473,0.9997634493387334,0.998577111931472,5,5,5,6,89,45.77853722381592,43.061732307434085,4.189877949670645,0.74415,0.7515,0.40125,89,2,0.104048,32.2817,29.46618,32.2817,True,1.0
CH4_65bar_298K_mmolg,CH4 65 bar,DB7-ddmof_23735,DB7-ddmof_23735.cif,64.31450833333334,46.59375,38.6934545,36.37185695861817,40.99748726982608,0.9998207949535859,0.9983835704813447,5,5,5,5,90,45.65118071746826,42.93437580108643,4.227466019092521,0.6418083333333333,0.6539166666666667,0.3722083333333333,90,2,0.0981103,29.57304,27.44217,29.06963,True,0.9996372869060574
CH4_65bar_298K_mmolg,CH4 65 bar,DB7-ddmof_23766,DB7-ddmof_23766.cif,63.97840833333333,47.76900863647461,38.862103000000005,36.44088757847841,41.27457145928955,0.9998745564675101,0.9984337478943407,5,5,5,5,88,47.255867,44.696854,4.228165141026938,0.6544666666666668,0.685575,0.371525,88,2,0.0961569,32.10255,28.5944,32.10255,True,0.9992745738121146
CH4_65bar_298K_mmolg,CH4 65 bar,DB0-m2_o29_frl,DB0-m2_o29_frl.cif,62.63271666666666,50.738914489746094,38.605548,36.23140660377732,40.7865085,0.999949822587004,0.998336977169277,5,5,6,5,76,43.099335,41.45638,4.076763021965828,0.6076833333333334,0.6347,0.50185,76,2,0.0878531,41.09475,38.992,41.09475,True,0.998911860718172
CH4_65bar_298K_mmolg,CH4 65 bar,DB0-m3_o29_nbo,DB0-m3_o29_nbo.cif,62.44752499999999,52.52501678466797,38.95787112688817,36.72811369919777,41.247191334950976,0.999974911293502,0.9984588366008387,5,5,5,5,80,48.25537,46.08603,4.187827289456845,0.7032166666666666,0.7050166666666666,0.4117583333333333,80,2,0.0836119,47.49601,31.87251,47.48447,True,0.9985491476242292
CH4_65bar_298K_mmolg,CH4 65 bar,DB7-ddmof_19730,DB7-ddmof_19730.cif,61.17693333333334,42.392616271972656,38.60103433526612,36.29197969623947,40.83568105416359,0.9993727823375507,0.9983333930683488,5,5,5,6,78,44.80762,42.84159,4.167208323242189,0.6217666666666667,0.6309333333333333,0.4409333333333333,78,2,0.116374,29.91201,25.37008,29.91201,True,0.9981864345302864
CH4_65bar_298K_mmolg,CH4 65 bar,DB7-ddmof_17603,DB7-ddmof_17603.cif,60.9376,49.56386947631836,38.927824029142606,36.847229074987794,41.07812324056287,0.9999354861832909,0.9984516683989821,5,5,6,6,66,45.7498,43.858017,4.349114,0.7186416666666666,0.6984833333333333,0.2915,66,2,0.093441,39.06912,34.03,38.98313,True,0.997823721436344
CH4_65bar_298K_mmolg,CH4 65 bar,DB0-m2_o29_bel,DB0-m2_o29_bel.cif,60.06096666666667,56.39188766479492,38.731103324890135,36.30470174217224,40.95664604187012,0.9999892476972152,0.9983943227841297,5,5,5,5,73,48.82310760498047,46.58145305252076,4.150786011695857,0.6288666666666667,0.6604333333333333,0.4591666666666666,73,2,0.0744258,51.79364,41.75062,51.4717,True,0.9974610083424011
CH4_65bar_298K_mmolg,CH4 65 bar,DB7-ddmof_17537,DB7-ddmof_17537.cif,59.115366666666674,42.19678115844727,38.39077418518066,36.38091893186265,40.45498328876496,0.9993548618329092,0.9982330382423569,5,4,5,4,73,43.039703,40.865063,3.993416166789856,0.6433666666666666,0.5914333333333334,0.5355666666666667,73,2,0.12256,37.09256,32.73487,37.09256,True,0.9970982952484584
CH4_65bar_298K_mmolg,CH4 65 bar,DB7-ddmof_15556,DB7-ddmof_15556.cif,58.90050000000001,40.53028106689453,39.54012866973877,37.2906502943039,41.70413097763061,0.9989606107307982,0.9986487939500376,5,5,5,5,63,45.102432,42.54342,4.2474499999999935,0.778,0.7877,0.3510999999999999,63,2,0.110914,34.54386,28.94316,34.54386,True,0.9967355821545156
CH4_65bar_298K_mmolg,CH4 65 bar,DB0-m2_o29_nbo,DB0-m2_o29_nbo.cif,58.64921666666667,53.997291564941406,38.902996,36.65365463658279,40.974448081970216,0.9999820794953586,0.9984480842980539,5,5,5,5,65,46.49253,44.600746,4.090354068208498,0.6907333333333333,0.6933666666666667,0.4866166666666667,65,2,0.0805221,49.38113,33.67194,48.91989,True,0.9963728690605732
CH4_65bar_298K_mmolg,CH4 65 bar,DB7-ddmof_21381,DB7-ddmof_21381.cif,58.572125,43.20873641967773,39.226648394419655,37.16588548753434,41.61607651329041,0.9994946417691122,0.9985699437296154,5,5,5,5,62,44.92891582489014,42.59230027770996,4.133156465145646,0.7621166666666667,0.7499833333333333,0.475225,62,2,0.110091,31.91931,28.34241,31.86583,True,0.9960101559666305
CH4_65bar_298K_mmolg,CH4 65 bar,DB7-ddmof_22779,DB7-ddmof_22779.cif,58.07471666666667,44.92626190185547,38.959385,36.61568868446351,41.31906228293045,0.9996845991183112,0.9984624207017669,5,5,4,5,71,45.34748690795898,43.07033647155762,4.179045662254666,0.6847,0.7063166666666667,0.4344833333333333,71,2,0.106529,32.13962,27.94806,32.07841,True,0.9956474428726876
CH4_65bar_298K_mmolg,CH4 65 bar,DB7-ddmof_19842,DB7-ddmof_19842.cif,57.88266666666667,41.16096496582031,38.63387470626832,36.45051906417847,41.01375088994448,0.9991469839790689,0.9983584817748468,5,5,5,5,64,44.512604,41.688625,4.2461064376831,0.6562583333333334,0.6389666666666667,0.3546666666666667,64,2,0.122812,27.95326,24.33047,27.93685,True,0.995284729778745
CH4_65bar_298K_mmolg,CH4 65 bar,DB7-ddmof_21730,DB7-ddmof_21730.cif,57.67971666666666,41.93931579589844,38.60326765441894,36.18368,40.767689651489256,0.9993082685208415,0.9983333930683488,5,5,5,5,65,44.483234,42.86049,4.191735549926754,0.5960166666666666,0.6309666666666667,0.3996499999999999,65,2,0.121731,35.7532,28.13239,35.7532,True,0.9949220166848024
CH4_65bar_298K_mmolg,CH4 65 bar,DB7-ddmof_22255,DB7-ddmof_22255.cif,57.409883333333326,43.98983001708984,38.696323,36.27845,41.175392,0.9996021647969607,0.998387154582273,5,5,5,5,63,44.78129049682617,42.06448558044434,4.22946803818504,0.6223166666666666,0.6548166666666667,0.3717166666666667,63,2,0.110207,32.01905,26.58274,32.01905,True,0.9945593035908596
CH4_65bar_298K_mmolg,CH4 65 bar,DB7-ddmof_21642,DB7-ddmof_21642.cif,57.19958333333333,46.57071685791016,39.472548885097375,37.03978148269654,41.795337762458765,0.9998172108526576,0.9986201211426113,5,4,4,5,69,47.255867,44.721397,4.179045662254666,0.7443666666666666,0.7800833333333334,0.4344833333333333,69,2,0.0991774,36.25214,30.03973,36.14173,True,0.9941965904969168
CH4_65bar_298K_mmolg,CH4 65 bar,DB7-ddmof_23379,DB7-ddmof_23379.cif,57.03744999999999,50.59585952758789,39.37639932250976,36.926994,41.472267097473136,0.9999462384860758,0.9986129529407548,5,5,4,5,65,47.255867,44.721397,4.189877949670645,0.7308333333333333,0.7697666666666667,0.40125,65,2,0.0888404,34.77467,29.66558,34.54854,True,0.9938338774029742
CH4_65bar_298K_mmolg,CH4 65 bar,DB7-ddmof_22629,DB7-ddmof_22629.cif,56.91745,45.24252700805664,39.19299,37.30094,41.80114452234652,0.9997311924303789,0.9985556073259023,5,5,5,5,55,47.255867,44.696854,4.169677,0.7787333333333334,0.7467333333333334,0.4441166666666667,55,2,0.103388,32.62636,28.54507,32.62636,True,0.9934711643090316
CH4_65bar_298K_mmolg,CH4 65 bar,DB0-m2_o33_o8_moc,DB0-m2_o33_o8_moc.cif,56.66619166666666,45.20022201538086,38.738072,36.5913905,41.004667,0.9997276083294505,0.9983943227841297,5,5,6,5,50,46.126205,44.14186,4.199967998413083,0.6802166666666667,0.6626833333333333,0.3990916666666667,50,2,0.097058,33.28606,28.62751,33.24676,True,0.9931084512150888
CH4_65bar_298K_mmolg,CH4 65 bar,DB7-ddmof_21628,DB7-ddmof_21628.cif,56.41085,41.88795471191406,38.23605238233736,36.06785709890217,40.33910221862793,0.9992975162180567,0.9981756926275044,5,5,5,4,61,44.064373,41.889732,4.12793604945783,0.5694,0.5647666666666666,0.4761166666666666,61,2,0.11409,29.87742,26.50496,29.83411,True,0.9927457381211462
CH4_65bar_298K_mmolg,CH4 65 bar,DB0-m2_o28_unc,DB0-m2_o28_unc.cif,56.30820833333333,40.42601776123047,38.0741754758007,35.916022747659085,40.37149037870245,0.9989319379233719,0.9981183470126519,5,3,6,4,62,43.993187,42.101402,4.144726007588709,0.5347416666666667,0.5322,0.465875,62,2,0.118518,36.97026,35.46132,36.97026,True,0.9923830250272034
CH4_65bar_298K_mmolg,CH4 65 bar,DB7-ddmof_22708,DB7-ddmof_22708.cif,56.254225,40.40778350830078,38.39386754608154,36.08383831295676,40.6170618019104,0.9989211856205871,0.9982330382423569,5,5,5,5,60,43.82549,41.65085,4.086463534104251,0.5726666666666667,0.5924166666666666,0.4880583333333333,60,2,0.128629,29.23739,26.25176,29.23739,True,0.9920203119332608
CH4_65bar_298K_mmolg,CH4 65 bar,DB7-ddmof_18188,DB7-ddmof_18188.cif,56.03153333333333,42.3996696472168,38.42667183517275,36.047297,40.90734055376053,0.9993763664384789,0.9982509587469983,5,4,5,4,64,44.064373,41.89585,4.286619054794308,0.5638749999999999,0.5979666666666668,0.3246,64,2,0.123011,28.62863,24.524,28.54656,True,0.991657598839318
CH4_65bar_298K_mmolg,CH4 65 bar,DB7-ddmof_23002,DB7-ddmof_23002.cif,55.99281666666667,43.82819747924805,38.7347,36.58370842332326,40.855057,0.9995914124941758,0.9983943227841297,5,5,4,6,63,44.9879867477417,42.68879,4.12793604945783,0.6805166666666667,0.6612833333333333,0.4761166666666666,63,2,0.107238,31.11022,27.60437,29.81731,True,0.9912948857453754
CO2_0p015bar_298K_mmolg,CO2 0.015 bar,DB1-Uio66Zr-irmof20_A_No13,DB1-Uio66Zr-irmof20_A_No13.cif,43.71523333333333,1.503175973892212,2.229950321763754,1.885201433823608,2.457235219553113,0.9910254112755815,0.9965485108060643,4,4,5,5,29,4.318081659376621,4.071732716202736,0.4378541884720324,0.5897833333333333,0.6335333333333333,0.4799,29,2,1.2071,8.33703,1.87439,8.33703,True,1.0
CO2_0p015bar_298K_mmolg,CO2 0.015 bar,DB12-QADKAH_clean,DB12-QADKAH_clean.cif,42.952983333333336,2.5509541034698486,2.071023853132709,1.814385774254799,2.297054005052071,0.997648829791047,0.9957922655101967,5,4,5,4,13,2.763348745048046,2.5595517,0.4418296635150907,0.5227,0.5229666666666667,0.47545,13,2,1.52919,4.77033,3.53305,4.76882,True,0.9999146174863388
CO2_0p015bar_298K_mmolg,CO2 0.015 bar,DB12-UHISOU_clean,DB12-UHISOU_clean.cif,42.27284166666666,3.183881998062134,2.0203553,1.8003158520590627,2.2444137,0.9988495036020214,0.9955377943442887,5,4,4,5,18,4.682046,4.5151224,0.3660332720061849,0.5096166666666666,0.4811333333333333,0.7336416666666666,18,2,1.23297,4.50899,3.25805,4.50899,True,0.9998292349726776
CO2_0p015bar_298K_mmolg,CO2 0.015 bar,DB1-Zn2O8N2-irmof8_A-TePM_No124,DB1-Zn2O8N2-irmof8_A-TePM_No124.cif,41.8082,6.2064409255981445,2.1061654,1.8680752386696329,2.2844665,0.9999892476972152,0.9959786387584675,4,4,4,5,30,4.637994613364339,4.428519,0.3877838829587425,0.5700666666666667,0.5472833333333333,0.6531,30,2,0.931586,5.20393,3.75614,4.98393,True,0.9997438524590164
CO2_0p015bar_298K_mmolg,CO2 0.015 bar,DB1-Zn2O8-irmof20_A-mof505_No13,DB1-Zn2O8-irmof20_A-mof505_No13.cif,41.80018333333333,5.5015082359313965,2.172524093536884,1.986349515434784,2.358698571638984,0.9999139815777213,0.9963119601447977,4,5,5,4,14,4.434634,4.2677107,0.3389930241391656,0.6587833333333333,0.59375,0.8424166666666666,14,1,0.689319,9.56278,9.22951,9.56278,True,0.9996584699453552
CO2_0p015bar_298K_mmolg,CO2 0.015 bar,DB1-Zn2O8-AZO_A-DPAC_A_No751,DB1-Zn2O8-AZO_A-DPAC_A_No751.cif,41.67245833333333,1.1184149980545044,2.189111778839208,1.9761263775450468,2.357867689341671,0.9834235332066951,0.9963908103652199,4,5,5,4,14,4.7607846,4.556121,0.3655060704224347,0.6517999999999999,0.60765,0.7427583333333333,14,1,0.481306,15.27865,14.07542,15.13033,True,0.999573087431694
CO2_0p015bar_298K_mmolg,CO2 0.015 bar,DB1-Zn2O8-irmof20_A-nott112_No13,DB1-Zn2O8-irmof20_A-nott112_No13.cif,41.32305,5.6655378341674805,2.172524093536884,1.986349515434784,2.358698571638984,0.9999283179814343,0.9963119601447977,4,5,5,3,12,4.434634,4.2677107,0.3326907999999997,0.6587833333333333,0.59375,0.8652833333333334,12,1,0.689319,9.56278,9.22951,9.56278,True,0.9994877049180328
CO2_0p015bar_298K_mmolg,CO2 0.015 bar,DB15-sxc_N123_E180_opt,DB15-sxc_N123_E180_opt.cif,41.21476666666667,0.748652994632721,2.1299148,1.7887075683525009,2.389718180000782,0.966298698971363,0.9961220027955987,4,5,5,4,19,3.1577485,2.9240575,0.4732926543951032,0.4926666666666666,0.564,0.3954333333333333,19,2,1.26546,6.69517,3.24705,6.54642,True,0.9994023224043715
CO2_0p015bar_298K_mmolg,CO2 0.015 bar,DB15-rob_N123_E202_opt,DB15-rob_N123_E202_opt.cif,40.87681666666667,1.5672860145568848,2.170959196799719,1.80414424924059,2.422633318192096,0.9917135586538117,0.9963047919429411,4,4,5,5,21,3.816039,3.5373902,0.4954332323074339,0.5106333333333334,0.5920666666666666,0.3576166666666667,21,2,1.34647,7.04868,2.88087,6.52106,True,0.9993169398907104
CO2_0p015bar_298K_mmolg,CO2 0.015 bar,DB12-OCUSUB_clean,DB12-OCUSUB_clean.cif,40.87193333333333,2.80134391784668,1.8806312,1.6872184,2.074044,0.9982796315544246,0.9946238486075768,5,4,5,4,9,3.0125412355959416,2.632440167717636,0.3722164475321765,0.3978,0.3690666666666666,0.7014,9,2,1.50787,5.00781,3.40979,4.93101,True,0.9992315573770492
CO2_0p015bar_298K_mmolg,CO2 0.015 bar,DB12-GIDKOU_clean,DB12-GIDKOU_clean.cif,40.662616666666665,1.4129600524902344,1.8629718,1.6663200694070872,2.0864604,0.989760223647898,0.9944984050750869,5,3,4,4,21,3.9954214,3.7680502,0.3741977802210614,0.3761333333333333,0.3533666666666666,0.6968166666666666,21,2,1.74547,4.78674,3.41448,4.67256,True,0.999146174863388
CO2_0p015bar_298K_mmolg,CO2 0.015 bar,DB1-Zn2O8-irmof20_A-PEDOT_A_No13,DB1-Zn2O8-irmof20_A-PEDOT_A_No13.cif,40.592083333333335,6.001453876495361,2.22677,2.0715334,2.3820064,0.9999820794953586,0.9965377585032794,4,4,5,3,11,4.434634,4.2677107,0.3338469999999995,0.7151666666666666,0.6319,0.85695,11,1,0.689319,9.56278,9.22951,9.56278,True,0.9990607923497268
CO2_0p015bar_298K_mmolg,CO2 0.015 bar,DB1-Cu2O8-AZO_A-irmof6_A_No332,DB1-Cu2O8-AZO_A-irmof6_A_No332.cif,40.526833333333336,0.4719069898128509,2.097793020206315,1.903908628294448,2.2916773621181825,0.9336332031109996,0.9959392136482563,4,5,4,4,20,4.304047,4.127614,0.394657515414059,0.6011166666666667,0.5412166666666667,0.6354666666666666,20,2,0.661211,9.23093,7.80015,9.19097,True,0.9989754098360656
CO2_0p015bar_298K_mmolg,CO2 0.015 bar,DB1-Cu2O8N2-AZO_A-DPAC_A_No712,DB1-Cu2O8N2-AZO_A-DPAC_A_No712.cif,40.17594999999999,0.684194028377533,2.0502294224984943,1.889271239001304,2.2111876059956845,0.9615139242321064,0.9956739901795635,4,4,5,4,15,5.062975,4.858311,0.3819663,0.5931,0.5037,0.6737500000000001,15,1,0.379182,14.10454,13.00479,14.10454,True,0.9988900273224044
CO2_0p015bar_298K_mmolg,CO2 0.015 bar,DB1-Zn2O8-AZO_A-irmof20_A_No355,DB1-Zn2O8-AZO_A-irmof20_A_No355.cif,40.11855833333334,1.6429669857025146,2.169770103502778,1.966023129565439,2.373517077440117,0.9925128131608186,0.9963012078420128,4,4,5,3,12,4.2860365,4.1096034,0.3550129000000002,0.6442166666666667,0.5925,0.779825,12,1,0.555205,10.87828,9.68858,10.87475,True,0.9988046448087432
CO2_0p015bar_298K_mmolg,CO2 0.015 bar,DB12-BAWRUO_clean,DB12-BAWRUO_clean.cif,40.02312499999999,2.4561591148376465,2.3307829551137185,2.0078368371809456,2.653729073046492,0.997358517615856,0.9968854162933228,5,3,4,4,8,2.9813795,2.7717795,0.5453917302680636,0.6721833333333334,0.6937666666666666,0.258125,8,2,2.71918,7.29901,5.68671,7.29887,True,0.998719262295082
CO2_0p015bar_298K_mmolg,CO2 0.015 bar,DB1-Zn2O8-AZO_A-irmof20_A_No360,DB1-Zn2O8-AZO_A-irmof20_A_No360.cif,39.98883333333333,1.1207749843597412,2.1337632966041564,1.945968244556337,2.3215583486519757,0.9834772947206193,0.9961291709974552,4,4,5,3,12,4.4357276,4.268804,0.3507405999999999,0.6322,0.5657000000000001,0.7998333333333333,12,1,0.559993,10.87828,9.68858,10.87475,True,0.9986338797814208
CO2_0p015bar_298K_mmolg,CO2 0.015 bar,DB12-DANVAQ_clean,DB12-DANVAQ_clean.cif,39.67768333333333,3.520585060119629,2.062005332347536,1.8750170109629472,2.254467216594752,0.9991864090892799,0.995731335794416,4,4,4,5,22,3.3136184,3.0799274,0.4353458442360161,0.582075,0.5160833333333333,0.4889166666666666,22,2,1.5186,5.88569,2.76547,5.88569,True,0.9985484972677596
CO2_0p015bar_298K_mmolg,CO2 0.015 bar,DB1-Zn2O8-mof177-TDPAT_No449,DB1-Zn2O8-mof177-TDPAT_No449.cif,39.59684166666666,1.1016290187835691,2.586434839814538,2.340413161712438,2.832456467916637,0.9829468477832336,0.9977456005161105,4,3,4,3,16,5.070653,4.865989,0.4081243642310631,0.8019499999999999,0.7942,0.5928416666666667,16,1,0.271958,25.36291,11.25253,25.34183,True,0.9984631147540984
CO2_0p015bar_298K_mmolg,CO2 0.015 bar,DB1-Uio66Zr-irmof8_A_No20,DB1-Uio66Zr-irmof8_A_No20.cif,39.55683333333334,0.6710109710693359,2.4768986346123483,2.1728530572246543,2.6969219343257667,0.9602594889072076,0.9974409519372065,4,4,3,6,22,4.267235570907593,4.020886627733708,0.4495868368970819,0.7591,0.7646,0.4548333333333333,22,2,1.40625,8.68561,2.05539,8.68561,True,0.9983777322404372
CO2_0p015bar_298K_mmolg,CO2 0.015 bar,DB1-Cu2O8-irmof10_A-irmof7_A_No465,DB1-Cu2O8-irmof10_A-irmof7_A_No465.cif,39.43813333333333,3.0252010822296143,2.019345249596092,1.8537399308539289,2.184950568338255,0.998627289344468,0.9955306261424322,4,4,5,3,13,5.0253167,4.820653,0.3714749445884067,0.565,0.4816,0.7049333333333334,13,1,0.644419,12.65284,11.66523,12.65284,True,0.998292349726776
CO2_0p015bar_298K_mmolg,CO2 0.015 bar,DB1-Zn2O8-AZO_A-DPAC_A_No1172,DB1-Zn2O8-AZO_A-DPAC_A_No1172.cif,39.43214999999999,4.207069873809815,2.031732304499713,1.855096,2.194255418871438,0.9995985806960324,0.9955628830507867,4,5,4,4,17,4.4023647,4.199806,0.3819663,0.5662333333333334,0.4892666666666667,0.6737500000000001,17,2,0.441348,15.63539,14.15967,15.63148,True,0.9982069672131147
CO2_0p015bar_298K_mmolg,CO2 0.015 bar,DB1-Cu2O8-BTC_A-DPAC_A_No29,DB1-Cu2O8-BTC_A-DPAC_A_No29.cif,39.41733333333333,0.9349439740180968,2.2011678415201343,1.945360581749376,2.438462930287856,0.9769757356367156,0.9964230672735744,4,4,4,4,18,5.087458,4.8827944,0.3877838829587429,0.6303666666666666,0.6114166666666667,0.6515666666666666,18,1,0.57579,10.60669,7.26602,10.60669,True,0.9981215846994536
CO2_0p015bar_298K_mmolg,CO2 0.015 bar,DB1-Cu2O8-irmof10_A-irmof6_A_No323,DB1-Cu2O8-irmof10_A-irmof6_A_No323.cif,39.395025,3.536639928817749,2.1104104399875503,1.941232712569482,2.270969599358632,0.9992079136948496,0.9960037274649655,4,4,5,3,10,2.9245110092684627,2.759696513675153,0.3515047722942034,0.6264166666666666,0.5483166666666667,0.7870583333333334,10,2,0.578418,12.65281,11.66524,12.65281,True,0.9980362021857924
CO2_0p015bar_298K_mmolg,CO2 0.015 bar,DB12-CEGFAW_clean,DB12-CEGFAW_clean.cif,39.34563333333333,0.0803209990262985,2.007222494472403,1.8156817122176951,2.183823286018823,0.43986953872621054,0.9954481918210817,5,4,3,5,14,3.9348042,3.541706,0.3709098707437513,0.52405,0.4709833333333333,0.7112666666666667,14,2,1.84478,4.76954,3.53933,4.76954,True,0.9979508196721312
CO2_0p150bar_298K_mmolg,CO2 0.150 bar,DB1-Zn2O8-AZO_A-irmof7_A_No473,DB1-Zn2O8-AZO_A-irmof7_A_No473.cif,48.80771666666667,5.584889888763428,5.130725,4.0779796,5.959651,0.9964517400810007,0.9942260134045374,5,4,6,3,19,6.687584,5.7614594,1.786967401505461,0.7571,0.7103,0.5803166666666666,19,1,0.900395,9.16105,7.74066,9.16105,True,1.0
CO2_0p150bar_298K_mmolg,CO2 0.150 bar,DB1-Cu2O8N2-DPAC_A-irmof14_A_No558,DB1-Cu2O8N2-DPAC_A-irmof14_A_No558.cif,48.64873333333333,4.999475955963135,5.683664033830166,4.347326230704784,6.599075364798307,0.9934805204114547,0.9968459911831117,5,5,5,3,19,8.4572735,7.6582365,1.7072228922331545,0.8149333333333333,0.8376333333333333,0.704,19,1,0.407051,15.88962,13.85427,15.88962,True,0.9999198846338728
CO2_0p150bar_298K_mmolg,CO2 0.150 bar,DB1-Cu2O8-AZO_A-DPAC_A_No898,DB1-Cu2O8-AZO_A-DPAC_A_No898.cif,47.94095,2.8405520915985107,5.557216655284166,4.5180216,6.408453066498041,0.9260241568402566,0.9963478011540805,5,4,5,3,19,7.5588284,6.6284647,1.7124620006084434,0.8582,0.8147666666666666,0.6958166666666667,19,1,0.502851,13.11117,12.42338,13.11117,True,0.9998397692677456
CO2_0p150bar_298K_mmolg,CO2 0.150 bar,DB1-Zn2O8-AZO_A-irmof6_A_No350,DB1-Zn2O8-AZO_A-irmof6_A_No350.cif,46.752316666666665,5.312166213989258,5.010159039997393,3.810584888287245,6.266759849250317,0.9952976595820938,0.9935486183290921,5,4,6,4,15,7.222410111606121,6.322939566195011,1.7833390835523604,0.63425,0.6724,0.5835166666666667,15,1,0.611304,9.39824,8.00109,9.31557,True,0.9997596539016184
CO2_0p150bar_298K_mmolg,CO2 0.150 bar,DB1-Zn2O8-AZO_A-irmof7_A_No480,DB1-Zn2O8-AZO_A-irmof7_A_No480.cif,46.3269,7.044043064117432,5.69207571926647,3.9909181386257337,6.585043295031268,0.9990717178595749,0.9968603275868249,5,5,4,4,21,8.105294499158859,7.081484,1.815831464588332,0.7294333333333334,0.8386333333333333,0.5641666666666667,21,2,0.645706,9.16105,7.74066,9.09587,True,0.9996795385354912
CO2_0p150bar_298K_mmolg,CO2 0.150 bar,DB1-Cu2O8-AZO_A-BDC_A_No481,DB1-Cu2O8-AZO_A-BDC_A_No481.cif,46.31490833333333,3.654571056365967,5.775297741285467,4.330015528522683,6.624109056769537,0.9661481667323751,0.9971363033583026,4,5,6,4,18,7.029658,6.09754,1.7769230017660491,0.8126,0.8521666666666667,0.609775,18,1,0.724214,9.14234,7.69669,9.10025,True,0.999599423169364
CO2_0p150bar_298K_mmolg,CO2 0.150 bar,DB1-Cu2O8-AZO_A-BDC_A_No490,DB1-Cu2O8-AZO_A-BDC_A_No490.cif,46.06321666666666,3.407615900039673,5.5647492,4.351481458246708,6.465249320839042,0.9561951184545356,0.9963693057596502,4,5,6,4,17,7.299586,6.314071,1.7380145389437676,0.8163,0.8167333333333333,0.64935,17,1,0.60749,9.14234,7.69669,9.14157,True,0.9995193078032366
CO2_0p150bar_298K_mmolg,CO2 0.150 bar,DB1-Cu2O8N2-irmof6_A-irmof8_A_No193,DB1-Cu2O8N2-irmof6_A-irmof8_A_No193.cif,45.79886666666667,7.166750907897949,5.424007609375218,4.404845873680473,6.280373785555355,0.9991899931902082,0.9958030178129816,5,4,5,3,12,7.569055,6.3764315,1.801399433046896,0.8307833333333333,0.7900833333333332,0.5724333333333333,12,2,0.998453,7.72589,6.96325,7.64327,True,0.9994391924371094
CO2_0p150bar_298K_mmolg,CO2 0.150 bar,DB1-Cu2O8N2-irmof14_A-TED_A_No12,DB1-Cu2O8N2-irmof14_A-TED_A_No12.cif,45.56375,2.688826084136963,4.925892708544788,4.010762837075504,5.867628296181349,0.9153757929823304,0.9928712232536469,5,4,5,3,15,7.498036021173,6.095340094864368,1.7380145389437676,0.7368,0.635,0.64935,15,1,0.686018,9.28171,7.74696,9.12814,True,0.9993590770709824
CO2_0p150bar_298K_mmolg,CO2 0.150 bar,DB1-Zn2O8-AZO_A-BDC_A_No463,DB1-Zn2O8-AZO_A-BDC_A_No463.cif,45.48899166666666,8.860673904418945,4.818374893736747,3.8268925029050473,5.679706525292824,0.9997634493387334,0.9918354180853732,5,5,5,3,14,7.087755481362343,6.241347,1.7190432461165774,0.6427666666666667,0.5822833333333333,0.6822916666666667,14,1,0.568203,9.98553,7.89741,9.98075,True,0.999278961704855
CO2_0p150bar_298K_mmolg,CO2 0.150 bar,DB1-Zn2O8-AZO_A-irmof6_A_No355,DB1-Zn2O8-AZO_A-irmof6_A_No355.cif,45.48265,6.155784130096436,5.093811906512897,3.867771582130888,6.053192616055064,0.9980538331959428,0.993978710440486,5,4,5,2,16,8.071905225455762,5.9761558,1.7190431961165773,0.6749583333333333,0.6993499999999999,0.6842833333333334,16,2,0.624246,9.39824,8.00109,9.31557,True,0.9991988463387278
CO2_0p150bar_298K_mmolg,CO2 0.150 bar,DB0-m3_o49_o156_f0_fsc.sym.8,DB0-m3_o49_o156_f0_fsc.sym.8.cif,44.99743333333333,5.1972479820251465,4.590818833915459,3.630209745559725,5.495996875180698,0.994677610121501,0.9889573850399628,5,5,4,3,27,5.4698505,4.4083557,1.7497857897799194,0.4705,0.4231333333333333,0.6371666666666667,27,2,1.08826,5.35683,4.82614,5.32482,True,0.9991187309726004
CO2_0p150bar_298K_mmolg,CO2 0.150 bar,DB1-Zn2O8-AZO_A-BDC_A_No440,DB1-Zn2O8-AZO_A-BDC_A_No440.cif,44.97363333333333,6.198762893676758,4.898119669182983,3.909524010900952,6.088521814291701,0.9981183470126519,0.9926059997849539,5,5,4,4,18,7.3561435,6.370629,1.734438969471884,0.6971416666666667,0.619525,0.65745,18,1,0.617186,9.30573,7.89741,9.19934,True,0.9990386156064732
CO2_0p150bar_298K_mmolg,CO2 0.150 bar,DB1-Cu2O8-ADC_A-DPAC_A_No441,DB1-Cu2O8-ADC_A-DPAC_A_No441.cif,44.664725,6.044976234436035,5.7739068009075165,4.924691614687443,6.6322408565144535,0.9978495394430307,0.997129135156446,5,4,4,1,12,8.201624,7.402587,1.675405604670968,0.90105,0.85025,0.755825,12,1,0.422459,14.76717,13.76472,14.75998,True,0.998958500240346
CO2_0p150bar_298K_mmolg,CO2 0.150 bar,DB1-Cu2O8N2-DPAC_A-irmof6_A_No498,DB1-Cu2O8N2-DPAC_A-irmof6_A_No498.cif,44.259208333333326,4.504695892333984,6.209555729977846,4.516321161347389,7.788963376730877,0.9877316225224902,0.998132683416365,5,4,4,4,12,9.25827,7.7073507,1.864576375697266,0.8581833333333333,0.9131666666666668,0.5674083333333333,12,1,0.450532,15.88978,13.85417,15.88978,True,0.9988783848742188
CO2_0p150bar_298K_mmolg,CO2 0.150 bar,DB1-Cu2O8-AZO_A-irmof6_A_No332,DB1-Cu2O8-AZO_A-irmof6_A_No332.cif,43.83628333333334,3.604995012283325,5.886485582351685,4.146281431244005,6.784670277684927,0.9642844342496685,0.9974552883409197,4,4,5,3,21,7.0327773,6.0856876,1.7387367565631866,0.7735,0.8776,0.6430833333333333,21,2,0.661211,9.23093,7.80015,9.19097,True,0.9987982695080916
CO2_0p150bar_298K_mmolg,CO2 0.150 bar,DB1-Zn2O8-AZO_A-irmof20_A_No355,DB1-Zn2O8-AZO_A-irmof20_A_No355.cif,43.781108333333336,4.797438144683838,5.050264298984432,3.9982046847170354,6.191066229878322,0.9916239561306046,0.9937600802838608,4,4,5,4,24,8.081405,7.151041,1.78102598232641,0.7279333333333333,0.6837333333333333,0.590175,24,1,0.555205,10.87828,9.68858,10.87475,True,0.9987181541419644
CO2_0p150bar_298K_mmolg,CO2 0.150 bar,DB1-Cu2O8-AZO_A-irmof6_A_No353,DB1-Cu2O8-AZO_A-irmof6_A_No353.cif,43.711625,3.0081899166107178,5.440821559883542,4.112258633734703,6.6384532216408685,0.9362818536970001,0.9958567793269059,5,4,4,2,14,7.871476,6.3205566,1.807386277705276,0.76265,0.7706333333333333,0.5691583333333333,14,1,0.626586,9.23093,7.80015,9.19097,True,0.9986380387758372
CO2_0p150bar_298K_mmolg,CO2 0.150 bar,DB1-Zn2O8-AZO_A-irmof7_A_No529,DB1-Zn2O8-AZO_A-irmof7_A_No529.cif,43.5961,7.54583215713501,5.692324466532945,4.38407972919941,6.585292042297742,0.99941579154869,0.9968603275868249,4,4,5,4,19,8.002562,7.072198,1.815831464588332,0.8255666666666667,0.8387,0.5641666666666667,19,1,0.700571,9.16105,7.74066,9.12477,True,0.99855792340971
CO2_0p150bar_298K_mmolg,CO2 0.150 bar,DB0-m3_o147_o13_f0_fsc.sym.19,DB0-m3_o147_o13_f0_fsc.sym.19.cif,43.58963333333333,4.719604015350342,4.451532827432542,3.537709784453102,5.2766297860411004,0.9907494355041038,0.9868355972904197,5,4,5,3,21,4.764255150171522,3.910643704054944,1.629728134870529,0.3617,0.3040666666666666,0.8379,21,2,1.15449,5.55867,5.24532,5.5473,True,0.9984778080435828
CO2_0p150bar_298K_mmolg,CO2 0.150 bar,DB1-Cu2O8-AZO_A-irmof6_A_No337,DB1-Cu2O8-AZO_A-irmof6_A_No337.cif,43.45738333333334,4.800118923187256,5.291033075413942,4.27696574171958,6.342817234783652,0.9916526289380309,0.9951578796458909,4,5,5,4,16,8.499933755815029,6.043998,1.8296842443031145,0.7988333333333333,0.7572166666666666,0.5522833333333333,16,2,0.639041,9.23093,7.80015,9.23039,True,0.9983976926774556
CO2_0p150bar_298K_mmolg,CO2 0.150 bar,DB1-Cu2O8-ADC_A-irmof7_A_No751,DB1-Cu2O8-ADC_A-irmof7_A_No751.cif,43.43945,4.656613826751709,4.60769689050324,3.7102421674542834,5.435416382830358,0.9899035876850292,0.9892476972151536,5,5,4,3,18,7.09718,6.1116652,1.717972734868526,0.5467500000000001,0.4359,0.6936500000000001,18,1,0.728328,9.86507,7.27086,9.86052,True,0.9983175773113284
CO2_0p150bar_298K_mmolg,CO2 0.150 bar,DB1-Zn2O8-AZO_A-BDC_A_No480,DB1-Zn2O8-AZO_A-BDC_A_No480.cif,43.35348333333334,5.908549785614014,5.4366245,4.309441,6.515666369742349,0.9975413067631984,0.995846027024121,4,4,5,4,19,7.2781377,6.292623,1.79894109082222,0.8057333333333333,0.7917333333333333,0.5741499999999999,19,1,0.607486,9.30573,7.89741,9.19934,True,0.9982374619452012
CO2_0p150bar_298K_mmolg,CO2 0.150 bar,DB1-Cu2O8N2-AZO_A-DPAC_A_No712,DB1-Cu2O8N2-AZO_A-DPAC_A_No712.cif,42.99401666666667,3.623188972473145,5.307208,4.1155324,6.3955785818398,0.9649439088204724,0.9952546503709544,4,3,6,4,15,7.160521,6.324379,1.7859351515295945,0.7659666666666667,0.7671333333333333,0.5820166666666666,15,1,0.379182,14.10454,13.00479,14.10454,True,0.9981573465790738
CO2_0p150bar_298K_mmolg,CO2 0.150 bar,DB0-m3_o500_o13_f0_fsc.sym.27,DB0-m3_o500_o13_f0_fsc.sym.27.cif,42.84908333333333,4.367127895355225,4.424983491952577,3.480792686773765,5.342293297318585,0.9854628866348877,0.9864019210780975,5,3,5,3,25,5.00127619679446,4.117118445731499,1.6559611671935677,0.2819333333333333,0.2849333333333333,0.7737499999999999,25,2,1.12165,5.4706,3.82808,5.46349,True,0.9980772312129468
