name,occurrence,definition_count,line,end_line,kind,active
save_mode_at_least,1,1,577,582,FunctionDef,True
parse_runtime_args,1,1,585,632,FunctionDef,True
_parse_int_list,1,1,635,638,FunctionDef,True
_parse_str_list,1,1,641,644,FunctionDef,True
_resolve_n_jobs,1,1,647,656,FunctionDef,True
apply_comprehensive_level,1,1,659,671,FunctionDef,True
apply_ram_mode,1,1,674,693,FunctionDef,True
apply_runtime_options,1,1,696,798,FunctionDef,True
configure_threading,1,1,801,807,FunctionDef,True
important_prediction_subset,1,1,809,853,FunctionDef,True
save_prediction_table_for_mode,1,1,856,872,FunctionDef,True
maybe_save_pickle,1,1,875,878,FunctionDef,True
_path_candidates_from_user_root,1,1,969,988,FunctionDef,True
configure_data_roots,1,1,991,1027,FunctionDef,True
setup_logging,1,1,1059,1080,FunctionDef,True
save_json,1,1,1082,1085,FunctionDef,True
load_json,1,1,1088,1090,FunctionDef,True
done_path,1,1,1093,1094,FunctionDef,True
is_done,1,1,1097,1098,FunctionDef,True
mark_done,1,1,1101,1108,FunctionDef,True
safe_read_csv,1,1,1111,1123,FunctionDef,True
_filename_aliases,1,1,1126,1137,FunctionDef,True
_candidate_relative_paths,1,1,1140,1159,FunctionDef,True
resolve_input_file,1,1,1162,1212,FunctionDef,True
inspect_input_files,1,1,1214,1259,FunctionDef,True
atomic_save_csv,1,1,1262,1267,FunctionDef,True
atomic_pickle,1,1,1270,1275,FunctionDef,True
read_pickle,1,1,1278,1280,FunctionDef,True
reduce_dataframe_memory,1,1,1284,1303,FunctionDef,True
normalize_mof_id,1,1,1309,1322,FunctionDef,True
numeric_columns,1,1,1325,1327,FunctionDef,True
find_identifier_column,1,1,1330,1344,FunctionDef,True
robust_quantile,1,1,1347,1352,FunctionDef,True
extract_target_table,1,1,1384,1394,FunctionDef,True
load_cluster_file,1,1,1397,1405,FunctionDef,True
load_topology_table,1,1,1408,1424,FunctionDef,True
build_master_table,1,1,1427,1590,FunctionDef,True
get_feature_columns,1,1,1596,1612,FunctionDef,True
audit_feature_set_integrity,1,1,1616,1637,FunctionDef,True
active_feature_sets_for_modelling,1,1,1640,1647,FunctionDef,True
make_train_cal_test_split,1,1,1663,1708,FunctionDef,True
sample_fewshot_indices,1,1,1711,1741,FunctionDef,True
make_preprocessor,1,1,1747,1756,FunctionDef,True
model_available,1,1,1759,1778,FunctionDef,True
maybe_wrap_target_transform,1,1,1781,1799,FunctionDef,True
make_model,1,1,1802,1909,FunctionDef,True
regression_metrics,1,1,1915,1935,FunctionDef,True
ndcg_at_k,1,1,1938,1963,FunctionDef,True
topk_metrics,1,1,1966,1990,FunctionDef,True
conformal_quantile,1,1,1993,2001,FunctionDef,True
split_conformal_intervals,1,1,2004,2007,FunctionDef,True
locally_weighted_conformal_intervals,1,1,2010,2079,FunctionDef,True
mondrian_conformal_intervals,1,1,2081,2101,FunctionDef,True
interval_metrics,1,1,2104,2114,FunctionDef,True
assign_candidate_tiers,1,1,2117,2132,FunctionDef,True
fit_predict_with_warning_control,1,1,2138,2154,FunctionDef,True
run_single_experiment,1,1,2160,2336,FunctionDef,True
run_all_experiments,1,1,2339,2387,FunctionDef,True
bootstrap_ci,1,1,2393,2403,FunctionDef,True
aggregate_results,1,1,2406,2452,FunctionDef,True
truncate_prediction_text_columns,1,1,2463,2485,FunctionDef,True
compact_candidate_rows,1,1,2488,2553,FunctionDef,True
read_prediction_file_compact,1,1,2556,2611,FunctionDef,True
choose_prediction_files_for_collection,1,1,2614,2639,FunctionDef,True
target_stats_from_master,1,1,2645,2668,FunctionDef,True
build_experiment_quality_table,1,1,2671,2733,FunctionDef,True
apply_prediction_quality_flags,1,1,2736,2771,FunctionDef,True
write_prediction_range_qc,1,1,2774,2795,FunctionDef,True
collect_candidate_tiers,1,2,2798,2903,FunctionDef,False
build_consensus_candidate_table,1,2,2908,2980,FunctionDef,False
write_external_overlay_integrity,1,1,2983,2996,FunctionDef,True
bin_numeric_series,1,1,3002,3006,FunctionDef,True
chemical_failure_anatomy,1,2,3009,3056,FunctionDef,False
save_current_figure,1,1,3062,3080,FunctionDef,True
set_panel_label,1,1,3083,3084,FunctionDef,True
safe_boxplot_with_labels,1,1,3087,3111,FunctionDef,True
plot_figure_1_framework,1,7,3114,3147,FunctionDef,False
choose_plot_subset,1,1,3150,3165,FunctionDef,True
plot_figure_2_performance,1,8,3168,3202,FunctionDef,False
plot_figure_3_calibration,1,8,3205,3276,FunctionDef,False
plot_figure_4_failure_anatomy,1,9,3279,3349,FunctionDef,False
plot_si_figures,1,8,3352,3433,FunctionDef,False
save_manuscript_si_tables,1,3,3439,3495,FunctionDef,False
write_run_report,1,8,3501,3552,FunctionDef,False
resolve_input_files_by_pattern,1,1,3566,3599,FunctionDef,True
canonical_key,1,1,3601,3609,FunctionDef,True
_normalise_colname,1,1,3612,3613,FunctionDef,True
find_column,1,1,3616,3641,FunctionDef,True
first_nonempty_key,1,1,3644,3654,FunctionDef,True
safe_optional_csv,1,1,3657,3666,FunctionDef,True
safe_optional_excel,1,1,3669,3678,FunctionDef,True
numeric_or_nan,1,1,3681,3684,FunctionDef,True
read_identifier_set_from_csv,1,1,3687,3709,FunctionDef,True
read_identifier_set_from_text,1,1,3712,3723,FunctionDef,True
build_core_mof_2024_overlay,1,1,3726,3851,FunctionDef,True
build_mosaec_db_overlay,1,1,3854,3963,FunctionDef,True
_arc_geometry_table,1,1,3966,3972,FunctionDef,True
nearest_geometry_overlay,1,1,3975,4029,FunctionDef,True
build_external_realism_table,1,2,4032,4130,FunctionDef,False
summarise_external_files,1,1,4133,4147,FunctionDef,True
save_external_tables,1,1,4150,4191,FunctionDef,True
plot_figure_5_external_realism,1,9,4194,4300,FunctionDef,False
plot_external_si_figures,1,2,4303,4354,FunctionDef,False
run_external_overlay_workflow,1,1,4357,4369,FunctionDef,True
write_download_manifest_and_checklist,1,1,4376,4432,FunctionDef,True
audit_project_folder_tree,1,1,4437,4508,FunctionDef,True
clear_postprocess_markers,1,1,4520,4526,FunctionDef,True
load_existing_metrics_all,1,1,4529,4540,FunctionDef,True
v39_target_list_from_available,1,1,4562,4569,FunctionDef,True
v39_add_target_normalized_scores,1,1,4572,4618,FunctionDef,True
v39_target_balanced_compact_candidate_rows,1,1,4621,4673,FunctionDef,True
collect_candidate_tiers,2,2,4676,4795,FunctionDef,True
build_consensus_candidate_table,2,2,4798,4886,FunctionDef,True
v39_target_balanced_head,1,1,4889,4906,FunctionDef,True
build_external_realism_table,2,2,4909,5003,FunctionDef,True
chemical_failure_anatomy,2,2,5006,5072,FunctionDef,True
plot_figure_4_failure_anatomy,2,9,5075,5164,FunctionDef,False
plot_figure_5_external_realism,2,9,5167,5266,FunctionDef,False
v40_save_current_figure_aliases,1,1,5287,5302,FunctionDef,True
v40_pretty_target,1,1,5304,5312,FunctionDef,True
v40_plain_target,1,1,5315,5317,FunctionDef,True
v40_read_consensus,1,1,5320,5322,FunctionDef,True
v40_read_external,1,1,5325,5327,FunctionDef,True
v40_usable_feature_sets,1,1,5330,5343,FunctionDef,True
v40_preferred_feature_set,1,1,5346,5356,FunctionDef,True
v40_stable_metric_df,1,1,5359,5373,FunctionDef,True
v40_target_stats,1,1,5376,5419,FunctionDef,True
v40_true_percentile,1,1,5422,5426,FunctionDef,True
write_consensus_true_enrichment,1,1,5429,5481,FunctionDef,True
write_final_candidate_tables,1,1,5484,5540,FunctionDef,True
write_descriptor_split_summary_tables,1,1,5543,5579,FunctionDef,True
save_manuscript_si_tables,2,3,5582,5637,FunctionDef,False
plot_figure_2_performance,2,8,5640,5709,FunctionDef,False
plot_figure_3_calibration,2,8,5712,5768,FunctionDef,False
plot_figure_4_failure_anatomy,3,9,5771,5841,FunctionDef,False
plot_figure_5_external_realism,3,9,5844,5914,FunctionDef,False
plot_si_figures,2,8,5917,5970,FunctionDef,False
write_run_report,2,8,5973,6020,FunctionDef,False
v41_target_order,1,1,6107,6113,FunctionDef,True
v41_target_label,1,1,6116,6117,FunctionDef,True
v41_feature_label,1,1,6120,6121,FunctionDef,True
v41_model_label,1,1,6124,6125,FunctionDef,True
v41_split_label,1,1,6128,6129,FunctionDef,True
v41_apply_paper_style,1,1,6132,6154,FunctionDef,True
v41_panel_label,1,1,6157,6159,FunctionDef,True
v41_save_figure,1,1,6162,6185,FunctionDef,True
v41_clean_metric_df,1,1,6188,6205,FunctionDef,True
v41_preferred_feature,1,1,6208,6211,FunctionDef,True
v41_target_stats,1,1,6214,6217,FunctionDef,True
v41_heatmap,1,1,6220,6246,FunctionDef,True
v41_paper_curve,1,1,6249,6270,FunctionDef,True
v41_consensus_work,1,1,6273,6285,FunctionDef,True
v41_top_consensus_per_target,1,1,6288,6298,FunctionDef,True
v41_add_true_percentile_columns,1,1,6301,6326,FunctionDef,True
write_v41_final_paper_tables,1,1,6329,6441,FunctionDef,True
save_manuscript_si_tables,3,3,6449,6454,FunctionDef,True
plot_figure_1_framework,2,7,6457,6493,FunctionDef,False
plot_figure_2_performance,3,8,6496,6605,FunctionDef,False
plot_figure_3_calibration,3,8,6608,6724,FunctionDef,False
plot_figure_4_failure_anatomy,4,9,6727,6858,FunctionDef,False
plot_figure_5_external_realism,4,9,6861,6975,FunctionDef,False
plot_external_si_figures,2,2,6978,7026,FunctionDef,True
plot_si_figures,3,8,7029,7077,FunctionDef,False
write_run_report,3,8,7080,7132,FunctionDef,False
main,1,1,7138,7188,FunctionDef,True
v42_apply_story_style,1,1,7223,7246,FunctionDef,True
v42_panel_label,1,1,7249,7250,FunctionDef,True
v42_save_figure,1,1,7253,7274,FunctionDef,True
v42_read_table,1,1,7277,7285,FunctionDef,True
v42_preferred_feature,1,1,7288,7306,FunctionDef,True
v42_clean_agg,1,1,7309,7333,FunctionDef,True
v42_target_summary,1,1,7336,7358,FunctionDef,True
v42_target_std_map,1,1,7361,7367,FunctionDef,True
v42_order_targets,1,1,7370,7375,FunctionDef,True
v42_label_target,1,1,7378,7379,FunctionDef,True
v42_heatmap,1,1,7382,7411,FunctionDef,True
v42_top_consensus,1,1,7414,7429,FunctionDef,True
v42_add_percentiles_to_candidates,1,1,7432,7454,FunctionDef,True
v42_learning_curves,1,1,7457,7469,FunctionDef,True
v42_descriptor_gain_table,1,1,7472,7484,FunctionDef,True
v42_split_stress_table,1,1,7487,7500,FunctionDef,True
v42_plot_figure_1,1,1,7503,7577,FunctionDef,True
v42_plot_figure_2,1,1,7580,7682,FunctionDef,True
v42_plot_figure_3,1,1,7685,7765,FunctionDef,True
v42_precision_yield_frontier,1,1,7768,7797,FunctionDef,True
v42_plot_figure_4,1,1,7800,7880,FunctionDef,True
v42_consensus_true_enrichment,1,1,7883,7910,FunctionDef,True
v42_plot_figure_5,1,1,7913,8012,FunctionDef,True
v42_plot_external_domain_overlap_si,1,1,8015,8053,FunctionDef,True
v42_plot_si_figures,1,1,8056,8104,FunctionDef,True
v42_write_manifest,1,1,8107,8117,FunctionDef,True
v42_write_run_report,1,1,8120,8174,FunctionDef,True
plot_figure_1_framework,3,7,8178,8180,FunctionDef,False
plot_figure_2_performance,4,8,8183,8184,FunctionDef,False
plot_figure_3_calibration,4,8,8187,8188,FunctionDef,False
plot_figure_4_failure_anatomy,5,9,8191,8193,FunctionDef,False
plot_figure_5_external_realism,5,9,8196,8198,FunctionDef,False
plot_si_figures,4,8,8201,8203,FunctionDef,False
write_run_report,4,8,8206,8207,FunctionDef,False
v43_apply_publication_style,1,1,8239,8262,FunctionDef,True
v43_panel_label,1,1,8265,8267,FunctionDef,True
v43_save_figure,1,1,8270,8289,FunctionDef,True
v43_label_plain,1,1,8292,8300,FunctionDef,True
v43_numeric_col,1,1,8303,8313,FunctionDef,True
v43_true_enrichment_table,1,1,8316,8349,FunctionDef,True
v43_top_consensus_tables,1,1,8352,8361,FunctionDef,True
v43_candidate_funnel_table,1,1,8364,8404,FunctionDef,True
v43_tier_fraction_from_metrics,1,1,8407,8439,FunctionDef,True
v43_main_claims_table,1,1,8442,8476,FunctionDef,True
v43_plot_figure_1,1,1,8479,8525,FunctionDef,True
v43_plot_figure_2,1,1,8528,8605,FunctionDef,True
v43_plot_figure_3,1,1,8608,8672,FunctionDef,True
v43_plot_figure_4,1,1,8675,8738,FunctionDef,True
v43_plot_figure_5,1,1,8741,8828,FunctionDef,True
v43_plot_external_domain_overlap_si,1,1,8831,8865,FunctionDef,True
v43_plot_si_figures,1,1,8868,8890,FunctionDef,True
v43_write_manifest,1,1,8893,8903,FunctionDef,True
v43_write_run_report,1,1,8906,8952,FunctionDef,True
plot_figure_1_framework,4,7,8956,8958,FunctionDef,False
plot_figure_2_performance,5,8,8961,8962,FunctionDef,False
plot_figure_3_calibration,5,8,8965,8966,FunctionDef,False
plot_figure_4_failure_anatomy,6,9,8969,8971,FunctionDef,False
plot_figure_5_external_realism,6,9,8974,8976,FunctionDef,False
plot_si_figures,5,8,8979,8981,FunctionDef,False
write_run_report,5,8,8984,8985,FunctionDef,False
v44_apply_style,1,1,9033,9056,FunctionDef,True
v44_tlabel,1,1,9059,9060,FunctionDef,True
v44_slabel,1,1,9063,9064,FunctionDef,True
v44_panel,1,1,9067,9068,FunctionDef,True
v44_save,1,1,9071,9088,FunctionDef,True
v44_read_metrics_all,1,1,9091,9093,FunctionDef,True
v44_clean_agg,1,1,9096,9112,FunctionDef,True
v44_order_targets,1,1,9115,9121,FunctionDef,True
v45_target_mean_table,1,1,9124,9140,FunctionDef,True
v44_heatmap,1,1,9143,9170,FunctionDef,True
v44_true_enrichment_table,1,1,9173,9179,FunctionDef,True
v44_top_consensus,1,1,9182,9192,FunctionDef,True
v44_final_claims_table,1,1,9195,9232,FunctionDef,True
v44_candidate_tables,1,1,9235,9245,FunctionDef,True
v44_plot_figure_1,1,1,9248,9301,FunctionDef,True
v44_plot_figure_2,1,1,9304,9385,FunctionDef,True
v44_plot_figure_3,1,1,9388,9464,FunctionDef,True
v44_tier_fraction_from_metrics,1,1,9467,9489,FunctionDef,True
v44_plot_figure_4,1,1,9492,9571,FunctionDef,True
v44_candidate_funnel,1,1,9574,9599,FunctionDef,True
v44_plot_figure_5,1,1,9602,9727,FunctionDef,True
v44_plot_external_domain_overlap_si,1,1,9730,9769,FunctionDef,True
v44_plot_si_figures,1,1,9772,9813,FunctionDef,True
v44_write_manifest,1,1,9816,9826,FunctionDef,True
v44_write_run_report,1,1,9829,9879,FunctionDef,True
plot_figure_1_framework,5,7,9883,9885,FunctionDef,False
plot_figure_2_performance,6,8,9888,9889,FunctionDef,False
plot_figure_3_calibration,6,8,9892,9893,FunctionDef,False
plot_figure_4_failure_anatomy,7,9,9896,9898,FunctionDef,False
plot_figure_5_external_realism,7,9,9901,9903,FunctionDef,False
plot_si_figures,6,8,9906,9908,FunctionDef,False
write_run_report,6,8,9911,9912,FunctionDef,False
v47_apply_style,1,1,9948,9975,FunctionDef,True
v47_panel,1,1,9978,9979,FunctionDef,True
v47_save,1,1,9982,9992,FunctionDef,True
v47_source,1,1,9995,10000,FunctionDef,True
v47_table,1,1,10003,10008,FunctionDef,True
v47_latex_label,1,1,10011,10012,FunctionDef,True
v47_plain_label,1,1,10015,10016,FunctionDef,True
v47_target_order,1,1,10019,10025,FunctionDef,True
v47_target_stats,1,1,10028,10071,FunctionDef,True
v47_filter_agg,1,1,10074,10092,FunctionDef,True
v47_metric_by_target_budget,1,1,10095,10107,FunctionDef,True
v47_draw_target_curves,1,1,10110,10131,FunctionDef,True
v47_plot_figure_1,1,1,10134,10191,FunctionDef,True
v47_plot_figure_2,1,1,10194,10282,FunctionDef,True
v47_descriptor_gain_table,1,1,10285,10302,FunctionDef,True
v47_split_recall_table,1,1,10305,10313,FunctionDef,True
v47_plot_figure_3,1,1,10316,10424,FunctionDef,True
v47_precision_yield,1,1,10427,10468,FunctionDef,True
v47_tier_fraction_by_budget,1,1,10471,10496,FunctionDef,True
v47_plot_figure_4,1,1,10499,10607,FunctionDef,True
v47_top25,1,1,10610,10619,FunctionDef,True
v47_true_enrichment,1,1,10622,10653,FunctionDef,True
v47_candidate_funnel,1,1,10656,10677,FunctionDef,True
v47_plot_figure_5,1,1,10680,10792,FunctionDef,True
v47_external_overlap_summary,1,1,10795,10819,FunctionDef,True
v47_plot_external_si,1,1,10822,10849,FunctionDef,True
v47_plot_si_figures,1,1,10852,10901,FunctionDef,True
v47_write_publication_tables,1,1,10904,10963,FunctionDef,True
v47_dataframe_to_markdown_safe,1,1,10967,11006,FunctionDef,True
v47_write_run_report,1,1,11008,11047,FunctionDef,True
plot_figure_1_framework,6,7,11052,11054,FunctionDef,False
plot_figure_2_performance,7,8,11057,11058,FunctionDef,False
plot_figure_3_calibration,7,8,11061,11062,FunctionDef,False
plot_figure_4_failure_anatomy,8,9,11065,11067,FunctionDef,False
plot_figure_5_external_realism,8,9,11070,11072,FunctionDef,False
plot_si_figures,7,8,11075,11077,FunctionDef,False
write_run_report,7,8,11080,11081,FunctionDef,False
v48_prepare_clean_publication_dirs,1,1,11117,11121,FunctionDef,True
v48_apply_style,1,1,11124,11157,FunctionDef,True
v48_panel,1,1,11160,11162,FunctionDef,True
v48_stem,1,1,11165,11171,FunctionDef,True
v48_save,1,1,11174,11187,FunctionDef,True
v48_source,1,1,11190,11195,FunctionDef,True
v48_table,1,1,11198,11203,FunctionDef,True
v48_write_folder_index,1,1,11206,11228,FunctionDef,True
v48_write_package_readme,1,1,11231,11246,FunctionDef,True
v48_copy_key_support_files,1,1,11249,11263,FunctionDef,True
v48_write_publication_tables,1,1,11266,11337,FunctionDef,True
v48_write_run_report,1,1,11340,11381,FunctionDef,True
v48_plot_figure_1,1,1,11396,11466,FunctionDef,True
v48_plot_figure_2,1,1,11469,11470,FunctionDef,True
v48_plot_figure_3,1,1,11473,11474,FunctionDef,True
v48_plot_figure_4,1,1,11477,11479,FunctionDef,True
v48_plot_figure_5,1,1,11482,11484,FunctionDef,True
v48_plot_si_figures,1,1,11487,11489,FunctionDef,True
plot_figure_1_framework,7,7,11494,11496,FunctionDef,True
plot_figure_2_performance,8,8,11499,11500,FunctionDef,True
plot_figure_3_calibration,8,8,11503,11504,FunctionDef,True
plot_figure_4_failure_anatomy,9,9,11507,11508,FunctionDef,True
plot_figure_5_external_realism,9,9,11511,11512,FunctionDef,True
plot_si_figures,8,8,11515,11516,FunctionDef,True
write_run_report,8,8,11519,11520,FunctionDef,True
